obs_time_utc,city,lat,lon,temp_c,feels_like_c,humidity_pct,pressure_hpa,wind_speed_ms,wind_deg,clouds_pct,weather_main,weather_desc
2025-08-15T22:30:00.0000000,Pune,18.5204,73.8567,22.2,24.7,94,1004,13.5,261,100,Cloudy,Overcast
2025-08-15T23:30:00.0000000,Pune,18.5204,73.8567,22.3,24.8,93,1004.1,12.6,261,100,Cloudy,Overcast
2025-08-16T00:30:00.0000000,Pune,18.5204,73.8567,22.9,26.1,94,1003.8,11.4,273,100,Drizzle,Light drizzle
2025-08-16T01:30:00.0000000,Pune,18.5204,73.8567,23,26,93,1004.1,12.8,270,100,Drizzle,Light drizzle
2025-08-16T02:30:00.0000000,Pune,18.5204,73.8567,23.7,26.8,91,1005,13.3,272,100,Drizzle,Light drizzle
2025-08-16T03:30:00.0000000,Pune,18.5204,73.8567,24,26.7,88,1005,14.9,262,100,Cloudy,Overcast
2025-08-16T04:30:00.0000000,Pune,18.5204,73.8567,25,27.6,83,1004.9,15.7,261,100,Cloudy,Overcast
2025-08-16T05:30:00.0000000,Pune,18.5204,73.8567,25.9,28.4,78,1004.5,15.7,266,100,Drizzle,Light drizzle
2025-08-16T06:30:00.0000000,Pune,18.5204,73.8567,27,30.5,73,1003.8,14.6,266,100,Cloudy,Overcast
2025-08-16T07:30:00.0000000,Pune,18.5204,73.8567,26.8,28.9,68,1003.1,15.8,262,100,Drizzle,Moderate drizzle
2025-08-16T08:30:00.0000000,Pune,18.5204,73.8567,25.3,27.9,79,1002.7,13.4,262,100,Drizzle,Light drizzle
2025-08-16T09:30:00.0000000,Pune,18.5204,73.8567,24.7,27.5,82,1002.4,12.4,253,100,Drizzle,Moderate drizzle
2025-08-16T10:30:00.0000000,Pune,18.5204,73.8567,24.1,26.4,84,1001.8,15,265,100,Drizzle,Dense drizzle
2025-08-16T11:30:00.0000000,Pune,18.5204,73.8567,23.8,26.1,89,1001.5,17.2,259,100,Drizzle,Moderate drizzle
2025-08-16T12:30:00.0000000,Pune,18.5204,73.8567,23.1,25.6,90,1003,14.2,261,100,Drizzle,Light drizzle
2025-08-16T13:30:00.0000000,Pune,18.5204,73.8567,22.8,25.4,92,1003.3,14.3,264,100,Drizzle,Light drizzle
2025-08-16T14:30:00.0000000,Pune,18.5204,73.8567,22.7,25.5,93,1003.9,12.2,261,100,Drizzle,Light drizzle
2025-08-16T15:30:00.0000000,Pune,18.5204,73.8567,22.6,25.7,93,1004.5,10.4,256,100,Drizzle,Light drizzle
2025-08-16T16:30:00.0000000,Pune,18.5204,73.8567,22.6,25.8,93,1004.8,9.5,256,100,Drizzle,Light drizzle
2025-08-16T17:30:00.0000000,Pune,18.5204,73.8567,22.4,25.5,96,1004.3,11.1,248,100,Rain,Slight rain
2025-08-16T18:30:00.0000000,Pune,18.5204,73.8567,22.3,25.4,96,1003.6,11.4,245,100,Drizzle,Dense drizzle
2025-08-16T19:30:00.0000000,Pune,18.5204,73.8567,22.3,25.7,96,1003.2,9.2,239,100,Drizzle,Moderate drizzle
2025-08-16T20:30:00.0000000,Pune,18.5204,73.8567,22.2,25.5,96,1002.2,9.3,243,100,Drizzle,Moderate drizzle
2025-08-16T21:30:00.0000000,Pune,18.5204,73.8567,22.1,25.4,96,1002.1,8.4,251,100,Drizzle,Light drizzle
2025-08-16T22:30:00.0000000,Pune,18.5204,73.8567,22.2,25.5,96,1002.3,8.9,256,100,Drizzle,Light drizzle
2025-08-16T23:30:00.0000000,Pune,18.5204,73.8567,22.2,25.3,95,1002.6,10.7,243,100,Drizzle,Light drizzle
2025-08-17T00:30:00.0000000,Pune,18.5204,73.8567,22.8,25.6,93,1002.4,13.1,252,100,Cloudy,Overcast
2025-08-17T01:30:00.0000000,Pune,18.5204,73.8567,23,26.3,93,1002.8,10.1,270,100,Drizzle,Light drizzle
2025-08-17T02:30:00.0000000,Pune,18.5204,73.8567,23.4,26.4,92,1003.6,13.2,253,100,Drizzle,Moderate drizzle
2025-08-17T03:30:00.0000000,Pune,18.5204,73.8567,23.8,27,90,1003.9,11.6,249,100,Drizzle,Light drizzle
2025-08-17T04:30:00.0000000,Pune,18.5204,73.8567,25,27.2,83,1003.7,18,242,100,Drizzle,Light drizzle
2025-08-17T05:30:00.0000000,Pune,18.5204,73.8567,26,28.1,78,1003.4,19,243,100,Drizzle,Light drizzle
2025-08-17T06:30:00.0000000,Pune,18.5204,73.8567,26.4,29.1,77,1003,18.4,238,100,Drizzle,Light drizzle
2025-08-17T07:30:00.0000000,Pune,18.5204,73.8567,25.7,27.7,79,1002.3,18.8,244,98,Rain,Slight rain
2025-08-17T08:30:00.0000000,Pune,18.5204,73.8567,25.7,28.4,82,1001.1,16.3,245,99,Drizzle,Light drizzle
2025-08-17T09:30:00.0000000,Pune,18.5204,73.8567,26.3,28.3,78,1000.5,20,248,100,Cloudy,Overcast
2025-08-17T10:30:00.0000000,Pune,18.5204,73.8567,25.8,27.8,79,1000.6,19.9,248,100,Drizzle,Light drizzle
2025-08-17T11:30:00.0000000,Pune,18.5204,73.8567,25,27.2,83,1001.1,18.1,253,100,Cloudy,Overcast
2025-08-17T12:30:00.0000000,Pune,18.5204,73.8567,23.9,26.4,89,1002,16.2,262,100,Cloudy,Overcast
2025-08-17T13:30:00.0000000,Pune,18.5204,73.8567,23.7,26.3,90,1002.9,15.5,268,100,Drizzle,Light drizzle
2025-08-17T14:30:00.0000000,Pune,18.5204,73.8567,23.5,26.2,90,1003.9,14.6,267,99,Drizzle,Light drizzle
2025-08-17T15:30:00.0000000,Pune,18.5204,73.8567,23.4,25.7,89,1005.2,16.3,264,100,Drizzle,Light drizzle
2025-08-17T16:30:00.0000000,Pune,18.5204,73.8567,23.1,25.4,91,1005.6,16.2,255,99,Drizzle,Light drizzle
2025-08-17T17:30:00.0000000,Pune,18.5204,73.8567,22.9,25.4,92,1005.7,14.7,253,100,Drizzle,Light drizzle
2025-08-17T18:30:00.0000000,Pune,18.5204,73.8567,22.9,25.6,92,1005.3,13.5,257,100,Drizzle,Light drizzle
2025-08-17T19:30:00.0000000,Pune,18.5204,73.8567,22.9,25.4,92,1004.9,15.2,256,100,Drizzle,Light drizzle
2025-08-17T20:30:00.0000000,Pune,18.5204,73.8567,22.9,25.1,92,1004.2,16.2,249,100,Cloudy,Overcast
2025-08-17T21:30:00.0000000,Pune,18.5204,73.8567,22.8,25.2,92,1003.9,15.3,257,100,Cloudy,Overcast
2025-08-17T22:30:00.0000000,Pune,18.5204,73.8567,22.9,25.2,91,1004.1,15.4,259,100,Cloudy,Overcast
2025-08-17T23:30:00.0000000,Pune,18.5204,73.8567,22.9,25.3,91,1004.4,14.3,253,100,Cloudy,Overcast
2025-08-18T00:30:00.0000000,Pune,18.5204,73.8567,22.9,25.5,93,1004.2,13.9,256,100,Drizzle,Light drizzle
2025-08-18T01:30:00.0000000,Pune,18.5204,73.8567,23.3,25.6,92,1004.6,16.9,258,100,Drizzle,Light drizzle
2025-08-18T02:30:00.0000000,Pune,18.5204,73.8567,23.7,26,90,1005.2,18.3,256,100,Drizzle,Light drizzle
2025-08-18T03:30:00.0000000,Pune,18.5204,73.8567,24.1,26.9,90,1005.7,16.4,262,100,Drizzle,Light drizzle
2025-08-18T04:30:00.0000000,Pune,18.5204,73.8567,24.4,27.4,90,1006,15.4,256,100,Drizzle,Dense drizzle
2025-08-18T05:30:00.0000000,Pune,18.5204,73.8567,24,26.4,89,1006,17.3,255,100,Rain,Moderate rain
2025-08-18T06:30:00.0000000,Pune,18.5204,73.8567,23.3,25.8,94,1006,18.2,253,100,Rain,Moderate rain
2025-08-18T07:30:00.0000000,Pune,18.5204,73.8567,23.1,25.8,94,1005.1,15.8,255,100,Rain,Moderate rain
2025-08-18T08:30:00.0000000,Pune,18.5204,73.8567,24.3,26.8,89,1004.4,18.5,257,100,Rain,Slight rain
2025-08-18T09:30:00.0000000,Pune,18.5204,73.8567,23.5,25.1,86,1004.4,18.9,252,100,Rain,Slight rain
2025-08-18T10:30:00.0000000,Pune,18.5204,73.8567,23.2,24.8,90,1003.8,20.3,251,100,Drizzle,Moderate drizzle
2025-08-18T11:30:00.0000000,Pune,18.5204,73.8567,22.9,24.4,91,1003.9,20.5,248,100,Drizzle,Moderate drizzle
2025-08-18T12:30:00.0000000,Pune,18.5204,73.8567,23.1,25,92,1004.2,19.2,260,100,Drizzle,Light drizzle
2025-08-18T13:30:00.0000000,Pune,18.5204,73.8567,22.9,24.9,92,1004.9,18,254,100,Drizzle,Moderate drizzle
2025-08-18T14:30:00.0000000,Pune,18.5204,73.8567,22.5,24.6,94,1005.5,17.6,259,100,Rain,Slight rain
2025-08-18T15:30:00.0000000,Pune,18.5204,73.8567,22.8,24.6,92,1006.4,19,261,100,Drizzle,Light drizzle
2025-08-18T16:30:00.0000000,Pune,18.5204,73.8567,22.8,24.7,92,1006.8,18.3,259,100,Drizzle,Light drizzle
2025-08-18T17:30:00.0000000,Pune,18.5204,73.8567,22.8,24.9,92,1006.4,17.1,255,100,Drizzle,Light drizzle
2025-08-18T18:30:00.0000000,Pune,18.5204,73.8567,22.6,24.7,92,1005.7,16.8,253,100,Drizzle,Moderate drizzle
2025-08-18T19:30:00.0000000,Pune,18.5204,73.8567,22.7,24.2,92,1004.6,20.5,250,100,Drizzle,Light drizzle
2025-08-18T20:30:00.0000000,Pune,18.5204,73.8567,22.7,24.5,93,1003.7,19.5,249,100,Rain,Slight rain
2025-08-18T21:30:00.0000000,Pune,18.5204,73.8567,22.5,24.6,94,1003.6,18.1,253,100,Drizzle,Dense drizzle
2025-08-18T22:30:00.0000000,Pune,18.5204,73.8567,22.5,24.6,95,1003.6,17.6,252,100,Drizzle,Moderate drizzle
2025-08-18T23:30:00.0000000,Pune,18.5204,73.8567,22.5,24.9,94,1003.8,15.5,250,100,Drizzle,Dense drizzle
2025-08-19T00:30:00.0000000,Pune,18.5204,73.8567,22.6,25.3,95,1003.5,14.1,240,100,Rain,Moderate rain
2025-08-19T01:30:00.0000000,Pune,18.5204,73.8567,22.9,25.6,94,1004.3,15.3,243,100,Drizzle,Moderate drizzle
2025-08-19T02:30:00.0000000,Pune,18.5204,73.8567,23.4,25.6,90,1004.9,17.7,253,100,Drizzle,Moderate drizzle
2025-08-19T03:30:00.0000000,Pune,18.5204,73.8567,23.4,25.9,92,1005.3,17.2,252,100,Rain,Slight rain
2025-08-19T04:30:00.0000000,Pune,18.5204,73.8567,23.6,26.4,93,1005.6,15.8,253,100,Rain,Moderate rain
2025-08-19T05:30:00.0000000,Pune,18.5204,73.8567,23.7,25.7,91,1004.9,20.4,258,100,Rain,Moderate rain
2025-08-19T06:30:00.0000000,Pune,18.5204,73.8567,23.7,25.7,92,1004.7,21,256,100,Rain,Slight rain
2025-08-19T07:30:00.0000000,Pune,18.5204,73.8567,24.2,25.4,87,1003.5,24.7,250,100,Rain,Slight rain
2025-08-19T08:30:00.0000000,Pune,18.5204,73.8567,23.4,25,93,1002.6,23.7,247,100,Rain,Slight rain
2025-08-19T09:30:00.0000000,Pune,18.5204,73.8567,23.4,25,94,1002,24.3,250,100,Rain,Slight rain
2025-08-19T10:30:00.0000000,Pune,18.5204,73.8567,23.5,24.9,93,1001.7,25.2,250,100,Rain,Moderate rain
2025-08-19T11:30:00.0000000,Pune,18.5204,73.8567,23.2,24.4,93,1002,25.1,249,100,Rain,Moderate rain
2025-08-19T12:30:00.0000000,Pune,18.5204,73.8567,23.1,24.6,92,1003,22.7,251,100,Rain,Slight rain
2025-08-19T13:30:00.0000000,Pune,18.5204,73.8567,23.1,24.3,92,1004.2,24.1,256,100,Drizzle,Dense drizzle
2025-08-19T14:30:00.0000000,Pune,18.5204,73.8567,22.9,24.2,91,1004.6,22,255,100,Drizzle,Moderate drizzle
2025-08-19T15:30:00.0000000,Pune,18.5204,73.8567,22.9,24.4,92,1005,21.8,249,100,Drizzle,Moderate drizzle
2025-08-19T16:30:00.0000000,Pune,18.5204,73.8567,22.7,24.4,94,1005.5,21.1,253,100,Drizzle,Dense drizzle
2025-08-19T17:30:00.0000000,Pune,18.5204,73.8567,22.6,24.4,94,1005.7,20.3,252,100,Rain,Moderate rain
2025-08-19T18:30:00.0000000,Pune,18.5204,73.8567,22.6,24.2,93,1005.1,20,249,100,Rain,Slight rain
2025-08-19T19:30:00.0000000,Pune,18.5204,73.8567,22.6,24.1,94,1004.3,21.3,247,100,Drizzle,Moderate drizzle
2025-08-19T20:30:00.0000000,Pune,18.5204,73.8567,22.4,24.1,94,1003.7,19.2,246,100,Rain,Moderate rain
2025-08-19T21:30:00.0000000,Pune,18.5204,73.8567,22.3,24.2,94,1003.6,17.7,246,100,Rain,Slight rain
2025-08-19T22:30:00.0000000,Pune,18.5204,73.8567,22.3,24.4,94,1003.9,17.1,248,100,Rain,Slight rain
2025-08-19T23:30:00.0000000,Pune,18.5204,73.8567,22.2,24.2,94,1004.2,16.8,249,100,Rain,Slight rain
2025-08-20T00:30:00.0000000,Pune,18.5204,73.8567,22.7,24.3,94,1003.7,20.9,251,100,Rain,Slight rain
2025-08-20T01:30:00.0000000,Pune,18.5204,73.8567,22.9,24.6,93,1004.4,20.9,250,100,Drizzle,Dense drizzle
2025-08-20T02:30:00.0000000,Pune,18.5204,73.8567,23.5,24.7,90,1005.2,24,252,100,Rain,Slight rain
2025-08-20T03:30:00.0000000,Pune,18.5204,73.8567,23.7,24.8,89,1005.9,25.8,255,100,Drizzle,Dense drizzle
2025-08-20T04:30:00.0000000,Pune,18.5204,73.8567,24.4,26,88,1006.3,23.7,250,100,Rain,Slight rain
2025-08-20T05:30:00.0000000,Pune,18.5204,73.8567,24.3,24.9,83,1005.8,27.2,252,100,Drizzle,Dense drizzle
2025-08-20T06:30:00.0000000,Pune,18.5204,73.8567,24.4,25.6,86,1005.6,25.3,254,100,Drizzle,Dense drizzle
2025-08-20T07:30:00.0000000,Pune,18.5204,73.8567,24.3,25.7,84,1005.1,21.6,253,100,Drizzle,Moderate drizzle
2025-08-20T08:30:00.0000000,Pune,18.5204,73.8567,24.5,25.4,82,1004.5,25,257,100,Drizzle,Moderate drizzle
2025-08-20T09:30:00.0000000,Pune,18.5204,73.8567,24.2,25.8,85,1003.9,20.5,257,98,Rain,Slight rain
2025-08-20T10:30:00.0000000,Pune,18.5204,73.8567,23.9,25.1,86,1003.6,22.7,252,97,Drizzle,Light drizzle
2025-08-20T11:30:00.0000000,Pune,18.5204,73.8567,23.8,25,85,1003.8,22.8,253,100,Drizzle,Light drizzle
2025-08-20T12:30:00.0000000,Pune,18.5204,73.8567,23.4,25.1,89,1004.7,20.1,249,100,Drizzle,Light drizzle
2025-08-20T13:30:00.0000000,Pune,18.5204,73.8567,22.9,24.6,90,1005.6,18.9,246,100,Drizzle,Light drizzle
2025-08-20T14:30:00.0000000,Pune,18.5204,73.8567,23.1,24.9,90,1006.6,18.6,248,99,Drizzle,Light drizzle
2025-08-20T15:30:00.0000000,Pune,18.5204,73.8567,23,25.1,90,1007.6,17.3,239,100,Drizzle,Light drizzle
2025-08-20T16:30:00.0000000,Pune,18.5204,73.8567,22.9,25.2,90,1008.2,15.3,240,100,Drizzle,Light drizzle
2025-08-20T17:30:00.0000000,Pune,18.5204,73.8567,22.8,25.1,90,1008.4,14.8,243,100,Drizzle,Light drizzle
2025-08-20T18:30:00.0000000,Pune,18.5204,73.8567,22.9,24.8,90,1007.8,17.2,241,97,Drizzle,Light drizzle
2025-08-20T19:30:00.0000000,Pune,18.5204,73.8567,22.8,24.7,91,1007.6,17.6,244,96,Drizzle,Light drizzle
2025-08-20T20:30:00.0000000,Pune,18.5204,73.8567,22.8,24.6,90,1007,17.9,242,99,Drizzle,Light drizzle
2025-08-20T21:30:00.0000000,Pune,18.5204,73.8567,22.7,24.9,91,1006.8,15.5,247,99,Drizzle,Light drizzle
2025-08-20T22:30:00.0000000,Pune,18.5204,73.8567,22.6,24.6,91,1006.8,16.8,246,100,Drizzle,Light drizzle
2025-08-20T23:30:00.0000000,Pune,18.5204,73.8567,22.5,24.1,90,1007.1,18.2,240,100,Drizzle,Light drizzle
2025-08-21T00:30:00.0000000,Pune,18.5204,73.8567,22.6,25.1,92,1007.8,13.7,252,100,Cloudy,Overcast
2025-08-21T01:30:00.0000000,Pune,18.5204,73.8567,23,25.2,92,1008.6,16.6,247,100,Drizzle,Light drizzle
2025-08-21T02:30:00.0000000,Pune,18.5204,73.8567,23.8,26,88,1009.3,17.1,243,100,Cloudy,Overcast
2025-08-21T03:30:00.0000000,Pune,18.5204,73.8567,24.5,26.3,84,1009.7,20.2,245,100,Drizzle,Light drizzle
2025-08-21T04:30:00.0000000,Pune,18.5204,73.8567,25.6,27,79,1009.9,23.2,249,100,Drizzle,Light drizzle
2025-08-21T05:30:00.0000000,Pune,18.5204,73.8567,26.1,28.1,77,1009.5,25,245,99,Drizzle,Light drizzle
2025-08-21T06:30:00.0000000,Pune,18.5204,73.8567,26.3,28.6,75,1008.9,26.2,248,83,Drizzle,Moderate drizzle
2025-08-21T07:30:00.0000000,Pune,18.5204,73.8567,26.5,29,75,1008,24.3,246,100,Drizzle,Moderate drizzle
2025-08-21T08:30:00.0000000,Pune,18.5204,73.8567,26.1,28,77,1007.3,25.8,248,71,Drizzle,Moderate drizzle
2025-08-21T09:30:00.0000000,Pune,18.5204,73.8567,26,27.5,78,1006.9,25.3,247,40,Drizzle,Light drizzle
2025-08-21T10:30:00.0000000,Pune,18.5204,73.8567,25.2,26.7,81,1006.8,22.5,249,92,Drizzle,Light drizzle
2025-08-21T11:30:00.0000000,Pune,18.5204,73.8567,24.7,26.3,83,1007.3,20.4,251,100,Drizzle,Light drizzle
2025-08-21T12:30:00.0000000,Pune,18.5204,73.8567,23.7,26.3,88,1008.3,14.9,245,100,Drizzle,Light drizzle
2025-08-21T13:30:00.0000000,Pune,18.5204,73.8567,23.2,25.3,89,1009.3,16.4,247,100,Cloudy,Overcast
2025-08-21T14:30:00.0000000,Pune,18.5204,73.8567,23.2,25.5,89,1010,15.7,252,100,Cloudy,Overcast
2025-08-21T15:30:00.0000000,Pune,18.5204,73.8567,23.2,25.7,90,1011,14.9,250,100,Cloudy,Overcast
2025-08-21T16:30:00.0000000,Pune,18.5204,73.8567,23.2,25.6,91,1011.4,16.1,252,100,Drizzle,Light drizzle
2025-08-21T17:30:00.0000000,Pune,18.5204,73.8567,23,25.4,92,1011.2,15.6,256,100,Cloudy,Overcast
2025-08-21T18:30:00.0000000,Pune,18.5204,73.8567,23,25.2,91,1010.5,16.5,252,100,Cloudy,Overcast
2025-08-21T19:30:00.0000000,Pune,18.5204,73.8567,22.9,25.2,92,1009.8,16.1,259,100,Cloudy,Overcast
2025-08-21T20:30:00.0000000,Pune,18.5204,73.8567,22.8,25,92,1008.8,16.5,257,100,Cloudy,Overcast
2025-08-21T21:30:00.0000000,Pune,18.5204,73.8567,22.9,25,91,1008.7,16.4,253,100,Cloudy,Overcast
2025-08-21T22:30:00.0000000,Pune,18.5204,73.8567,22.5,24.5,92,1008.9,16.2,251,100,Cloudy,Overcast
2025-08-21T23:30:00.0000000,Pune,18.5204,73.8567,22.5,24.6,91,1009.1,15.7,254,100,Cloudy,Overcast
2025-08-22T00:30:00.0000000,Pune,18.5204,73.8567,22.6,25,92,1009.3,13.9,253,100,Cloudy,Overcast
2025-08-22T01:30:00.0000000,Pune,18.5204,73.8567,23.1,25.4,90,1009.8,15.5,257,100,Drizzle,Light drizzle
2025-08-22T02:30:00.0000000,Pune,18.5204,73.8567,23.7,25.4,88,1010.1,20,253,100,Drizzle,Light drizzle
2025-08-22T03:30:00.0000000,Pune,18.5204,73.8567,24.9,26.5,82,1010.5,21.3,250,100,Drizzle,Light drizzle
2025-08-22T04:30:00.0000000,Pune,18.5204,73.8567,25.7,27.5,78,1010.8,21.8,253,98,Drizzle,Light drizzle
2025-08-22T05:30:00.0000000,Pune,18.5204,73.8567,25.6,27.2,78,1010.4,23.8,256,90,Drizzle,Light drizzle
2025-08-22T06:30:00.0000000,Pune,18.5204,73.8567,26.8,29,71,1009.1,23.7,256,93,Drizzle,Light drizzle
2025-08-22T07:30:00.0000000,Pune,18.5204,73.8567,26.7,29.4,74,1008.6,24.5,262,54,Drizzle,Moderate drizzle
2025-08-22T08:30:00.0000000,Pune,18.5204,73.8567,26.5,29,73,1007.8,22.1,254,66,Drizzle,Light drizzle
2025-08-22T09:30:00.0000000,Pune,18.5204,73.8567,25.8,27.5,76,1007.2,24.3,255,74,Drizzle,Light drizzle
2025-08-22T10:30:00.0000000,Pune,18.5204,73.8567,25.1,26.3,79,1006.9,22.7,255,85,Drizzle,Light drizzle
2025-08-22T11:30:00.0000000,Pune,18.5204,73.8567,24.5,26.1,83,1007.2,20.3,253,100,Drizzle,Light drizzle
2025-08-22T12:30:00.0000000,Pune,18.5204,73.8567,23.6,25.8,86,1008.6,15,251,68,Drizzle,Light drizzle
2025-08-22T13:30:00.0000000,Pune,18.5204,73.8567,23,25.1,88,1009,15.8,251,80,Cloudy,Overcast
2025-08-22T14:30:00.0000000,Pune,18.5204,73.8567,22.8,24.9,89,1009.5,15.7,259,69,Partly cloudy,Partly cloudy sky
2025-08-22T15:30:00.0000000,Pune,18.5204,73.8567,22.7,24.8,90,1010.3,15,254,85,Cloudy,Overcast
2025-08-22T16:30:00.0000000,Pune,18.5204,73.8567,22.4,24.3,91,1010.6,16,247,100,Cloudy,Overcast
2025-08-22T17:30:00.0000000,Pune,18.5204,73.8567,22.4,24.3,90,1009.9,16.1,250,100,Cloudy,Overcast
2025-08-22T18:30:00.0000000,Pune,18.5204,73.8567,22.4,24.4,91,1009.3,15.9,250,100,Cloudy,Overcast
2025-08-22T19:30:00.0000000,Pune,18.5204,73.8567,22.6,24.5,90,1008.3,16.5,250,100,Cloudy,Overcast
2025-08-22T20:30:00.0000000,Pune,18.5204,73.8567,22.4,24.2,91,1007.5,17.1,253,100,Cloudy,Overcast
2025-08-22T21:30:00.0000000,Pune,18.5204,73.8567,22.3,24.3,92,1007.3,15.9,254,100,Cloudy,Overcast
2025-08-22T22:30:00.0000000,Pune,18.5204,73.8567,22.4,24.2,91,1007,17.3,251,100,Drizzle,Light drizzle
2025-08-22T23:30:00.0000000,Pune,18.5204,73.8567,22.4,24.1,90,1007.6,17.9,252,100,Cloudy,Overcast
2025-08-23T00:30:00.0000000,Pune,18.5204,73.8567,22.1,23.9,92,1008,16.9,254,69,Partly cloudy,Partly cloudy sky
2025-08-23T01:30:00.0000000,Pune,18.5204,73.8567,22.5,24,91,1008.4,19.1,250,55,Drizzle,Light drizzle
2025-08-23T02:30:00.0000000,Pune,18.5204,73.8567,23.5,24.7,85,1008.9,21.4,250,49,Mainly clear,Few clouds
2025-08-23T03:30:00.0000000,Pune,18.5204,73.8567,24.8,25.9,78,1009.5,21.5,251,41,Drizzle,Light drizzle
2025-08-23T04:30:00.0000000,Pune,18.5204,73.8567,25.4,26.5,75,1009.7,23,250,33,Drizzle,Light drizzle
2025-08-23T05:30:00.0000000,Pune,18.5204,73.8567,25.9,27.4,72,1009.4,24.7,262,44,Drizzle,Moderate drizzle
2025-08-23T06:30:00.0000000,Pune,18.5204,73.8567,25.9,27.7,75,1009,25.3,259,36,Drizzle,Moderate drizzle
2025-08-23T07:30:00.0000000,Pune,18.5204,73.8567,26.7,28.6,69,1007.7,24.8,256,50,Drizzle,Light drizzle
2025-08-23T08:30:00.0000000,Pune,18.5204,73.8567,25.8,27.7,73,1007.1,22.2,257,35,Drizzle,Light drizzle
2025-08-23T09:30:00.0000000,Pune,18.5204,73.8567,25.4,26.7,75,1006.7,25.2,249,26,Drizzle,Light drizzle
2025-08-23T10:30:00.0000000,Pune,18.5204,73.8567,25.3,25.4,74,1006.3,26.4,250,51,Drizzle,Light drizzle
2025-08-23T11:30:00.0000000,Pune,18.5204,73.8567,24,25,81,1006.5,21.4,253,68,Drizzle,Light drizzle
2025-08-23T12:30:00.0000000,Pune,18.5204,73.8567,23.2,25,88,1008,17.7,255,100,Drizzle,Light drizzle
2025-08-23T13:30:00.0000000,Pune,18.5204,73.8567,22.7,24.4,90,1008.6,17.6,256,96,Drizzle,Light drizzle
2025-08-23T14:30:00.0000000,Pune,18.5204,73.8567,22.5,24,90,1009,18.2,256,66,Drizzle,Light drizzle
2025-08-23T15:30:00.0000000,Pune,18.5204,73.8567,22.3,23.9,90,1009.9,18.2,256,82,Cloudy,Overcast
2025-08-23T16:30:00.0000000,Pune,18.5204,73.8567,22.2,24.2,93,1010.2,16.1,257,100,Cloudy,Overcast
2025-08-23T17:30:00.0000000,Pune,18.5204,73.8567,22.2,24.2,93,1010,16.2,251,99,Cloudy,Overcast
2025-08-23T18:30:00.0000000,Pune,18.5204,73.8567,22.4,24.2,92,1009.3,17.2,250,84,Drizzle,Light drizzle
2025-08-23T19:30:00.0000000,Pune,18.5204,73.8567,22.3,24.1,92,1008.8,16.9,254,87,Drizzle,Light drizzle
2025-08-23T20:30:00.0000000,Pune,18.5204,73.8567,22,23.4,91,1008.3,17.9,252,96,Cloudy,Overcast
2025-08-23T21:30:00.0000000,Pune,18.5204,73.8567,21.9,23.6,91,1008.1,16.1,254,100,Cloudy,Overcast
2025-08-23T22:30:00.0000000,Pune,18.5204,73.8567,22.1,24,92,1008.2,16.5,252,100,Drizzle,Light drizzle
2025-08-23T23:30:00.0000000,Pune,18.5204,73.8567,21.9,23.5,92,1008.4,17.9,249,100,Cloudy,Overcast
2025-08-24T00:30:00.0000000,Pune,18.5204,73.8567,21.9,23.4,93,1008.4,18.3,247,99,Cloudy,Overcast
2025-08-24T01:30:00.0000000,Pune,18.5204,73.8567,22.5,24.6,91,1008.9,15.8,249,88,Cloudy,Overcast
2025-08-24T02:30:00.0000000,Pune,18.5204,73.8567,23.5,25,86,1009.5,19.9,250,73,Drizzle,Light drizzle
2025-08-24T03:30:00.0000000,Pune,18.5204,73.8567,24.2,25.4,83,1009.9,22.7,245,87,Drizzle,Moderate drizzle
2025-08-24T04:30:00.0000000,Pune,18.5204,73.8567,24.9,26,80,1010.2,27,251,38,Drizzle,Moderate drizzle
2025-08-24T05:30:00.0000000,Pune,18.5204,73.8567,25.7,27.2,75,1010.1,24.8,249,99,Drizzle,Moderate drizzle
2025-08-24T06:30:00.0000000,Pune,18.5204,73.8567,25.9,27.6,73,1009.9,26.8,255,100,Drizzle,Moderate drizzle
2025-08-24T07:30:00.0000000,Pune,18.5204,73.8567,26.2,27.5,72,1009.1,26.4,254,100,Drizzle,Light drizzle
2025-08-24T08:30:00.0000000,Pune,18.5204,73.8567,25.2,26.3,78,1008.4,22.5,254,78,Drizzle,Light drizzle
2025-08-24T09:30:00.0000000,Pune,18.5204,73.8567,25.8,27.2,74,1007.7,24.4,252,98,Drizzle,Light drizzle
2025-08-24T10:30:00.0000000,Pune,18.5204,73.8567,24.9,25.8,79,1007.4,23.5,254,79,Drizzle,Light drizzle
2025-08-24T11:30:00.0000000,Pune,18.5204,73.8567,23.9,25.5,85,1007.6,19.9,256,93,Drizzle,Light drizzle
2025-08-24T12:30:00.0000000,Pune,18.5204,73.8567,23.2,25.3,87,1008.7,15.9,248,100,Cloudy,Overcast
2025-08-24T13:30:00.0000000,Pune,18.5204,73.8567,22.7,24.4,89,1009.4,17.2,250,100,Cloudy,Overcast
2025-08-24T14:30:00.0000000,Pune,18.5204,73.8567,22.5,24.5,91,1009.7,16.1,250,99,Cloudy,Overcast
2025-08-24T15:30:00.0000000,Pune,18.5204,73.8567,22.6,24.4,89,1010.5,16.2,247,93,Cloudy,Overcast
2025-08-24T16:30:00.0000000,Pune,18.5204,73.8567,22.5,24.5,91,1010.7,15.8,249,99,Cloudy,Overcast
2025-08-24T17:30:00.0000000,Pune,18.5204,73.8567,22.5,24.5,91,1010.4,15.8,246,100,Cloudy,Overcast
2025-08-24T18:30:00.0000000,Pune,18.5204,73.8567,22.5,24.4,91,1009.4,16.5,248,100,Cloudy,Overcast
2025-08-24T19:30:00.0000000,Pune,18.5204,73.8567,22.2,24.3,92,1009.1,15,247,100,Drizzle,Light drizzle
2025-08-24T20:30:00.0000000,Pune,18.5204,73.8567,22.2,24.1,91,1008.4,15.7,252,99,Drizzle,Light drizzle
2025-08-24T21:30:00.0000000,Pune,18.5204,73.8567,22,23.9,91,1008,15.2,253,98,Cloudy,Overcast
2025-08-24T22:30:00.0000000,Pune,18.5204,73.8567,22,24,90,1008.1,13.9,250,100,Cloudy,Overcast
2025-08-24T23:30:00.0000000,Pune,18.5204,73.8567,22,24,90,1008.3,13.6,248,100,Drizzle,Light drizzle
2025-08-25T00:30:00.0000000,Pune,18.5204,73.8567,22.6,24.6,91,1008.2,16.5,246,100,Drizzle,Light drizzle
2025-08-25T01:30:00.0000000,Pune,18.5204,73.8567,22.8,24.5,90,1008.8,18.6,247,99,Drizzle,Light drizzle
2025-08-25T02:30:00.0000000,Pune,18.5204,73.8567,23.6,25.9,87,1009.3,15.6,247,100,Drizzle,Light drizzle
2025-08-25T03:30:00.0000000,Pune,18.5204,73.8567,23.6,24.8,84,1009.8,20.4,248,99,Drizzle,Light drizzle
2025-08-25T04:30:00.0000000,Pune,18.5204,73.8567,23.9,25.2,84,1009.9,21.1,253,100,Drizzle,Light drizzle
2025-08-25T05:30:00.0000000,Pune,18.5204,73.8567,25.3,26.2,75,1009.6,24.9,254,79,Drizzle,Light drizzle
2025-08-25T06:30:00.0000000,Pune,18.5204,73.8567,24.9,25.4,78,1009.2,25.1,254,100,Drizzle,Light drizzle
2025-08-25T07:30:00.0000000,Pune,18.5204,73.8567,24.4,25.7,80,1008.5,20.3,251,100,Drizzle,Light drizzle
2025-08-25T08:30:00.0000000,Pune,18.5204,73.8567,24.3,25.4,81,1007.4,21.6,252,100,Drizzle,Light drizzle
2025-08-25T09:30:00.0000000,Pune,18.5204,73.8567,24.4,25.8,80,1006.5,20.1,255,100,Cloudy,Overcast
2025-08-25T10:30:00.0000000,Pune,18.5204,73.8567,24.5,25.9,80,1006.2,19.8,251,89,Cloudy,Overcast
2025-08-25T11:30:00.0000000,Pune,18.5204,73.8567,23.9,25.5,82,1005.9,18,256,95,Cloudy,Overcast
2025-08-25T12:30:00.0000000,Pune,18.5204,73.8567,23.4,25.6,89,1007.1,16.4,251,100,Drizzle,Light drizzle
2025-08-25T13:30:00.0000000,Pune,18.5204,73.8567,23.2,25.7,90,1007.9,14.8,257,100,Drizzle,Light drizzle
2025-08-25T14:30:00.0000000,Pune,18.5204,73.8567,23,25.7,90,1008.5,13.2,259,68,Partly cloudy,Partly cloudy sky
2025-08-25T15:30:00.0000000,Pune,18.5204,73.8567,22.9,25.4,91,1009,13.7,259,73,Partly cloudy,Partly cloudy sky
2025-08-25T16:30:00.0000000,Pune,18.5204,73.8567,22.7,25.2,91,1009.1,13.5,256,79,Partly cloudy,Partly cloudy sky
2025-08-25T17:30:00.0000000,Pune,18.5204,73.8567,22.6,25.3,92,1008.9,12.3,255,88,Cloudy,Overcast
2025-08-25T18:30:00.0000000,Pune,18.5204,73.8567,22.5,25.3,92,1008.9,11.2,254,100,Cloudy,Overcast
2025-08-25T19:30:00.0000000,Pune,18.5204,73.8567,22.5,25.2,92,1008.2,12.1,249,100,Cloudy,Overcast
2025-08-25T20:30:00.0000000,Pune,18.5204,73.8567,22.4,25,92,1007.5,11.8,257,98,Cloudy,Overcast
2025-08-25T21:30:00.0000000,Pune,18.5204,73.8567,22.4,25,91,1007.1,11.6,251,99,Cloudy,Overcast
2025-08-25T22:30:00.0000000,Pune,18.5204,73.8567,22.4,25,91,1007.4,11.3,248,100,Cloudy,Overcast
2025-08-25T23:30:00.0000000,Pune,18.5204,73.8567,22.6,25.3,91,1007.7,11.2,249,100,Cloudy,Overcast
2025-08-26T00:30:00.0000000,Pune,18.5204,73.8567,22.8,25.8,92,1007.8,10.8,260,94,Drizzle,Light drizzle
2025-08-26T01:30:00.0000000,Pune,18.5204,73.8567,23.1,26.1,92,1008.8,12.1,259,98,Drizzle,Moderate drizzle
2025-08-26T02:30:00.0000000,Pune,18.5204,73.8567,23.4,26.4,90,1009.2,12.1,245,100,Drizzle,Light drizzle
2025-08-26T03:30:00.0000000,Pune,18.5204,73.8567,24.3,26.9,86,1009.4,15.9,255,95,Drizzle,Light drizzle
2025-08-26T04:30:00.0000000,Pune,18.5204,73.8567,25.8,28.5,79,1009.5,16.6,261,99,Drizzle,Light drizzle
2025-08-26T05:30:00.0000000,Pune,18.5204,73.8567,26.3,29.7,78,1008.8,16,256,100,Drizzle,Light drizzle
2025-08-26T06:30:00.0000000,Pune,18.5204,73.8567,26.9,30.5,75,1007.9,15.5,262,97,Drizzle,Light drizzle
2025-08-26T07:30:00.0000000,Pune,18.5204,73.8567,27,30,74,1007,17.3,257,100,Drizzle,Light drizzle
2025-08-26T08:30:00.0000000,Pune,18.5204,73.8567,26.5,28.2,73,1006,19.2,260,100,Drizzle,Moderate drizzle
2025-08-26T09:30:00.0000000,Pune,18.5204,73.8567,25.1,27.2,82,1005.8,18.4,262,100,Drizzle,Moderate drizzle
2025-08-26T10:30:00.0000000,Pune,18.5204,73.8567,24.9,26.8,82,1005.9,18.6,264,100,Drizzle,Light drizzle
2025-08-26T11:30:00.0000000,Pune,18.5204,73.8567,24,26.2,86,1006.3,16.1,266,100,Drizzle,Light drizzle
2025-08-26T12:30:00.0000000,Pune,18.5204,73.8567,23.7,26.3,89,1007.4,15,266,100,Cloudy,Overcast
2025-08-26T13:30:00.0000000,Pune,18.5204,73.8567,23.5,25.9,89,1007.9,15.4,264,100,Cloudy,Overcast
2025-08-26T14:30:00.0000000,Pune,18.5204,73.8567,23,25.6,90,1008.7,13.5,268,100,Cloudy,Overcast
2025-08-26T15:30:00.0000000,Pune,18.5204,73.8567,22.8,25.5,91,1009.5,12.7,262,100,Cloudy,Overcast
2025-08-26T16:30:00.0000000,Pune,18.5204,73.8567,22.6,25.3,92,1009.5,12.5,258,100,Cloudy,Overcast
2025-08-26T17:30:00.0000000,Pune,18.5204,73.8567,22.5,25.2,92,1009.2,11.8,262,100,Cloudy,Overcast
2025-08-26T18:30:00.0000000,Pune,18.5204,73.8567,22.4,25.1,93,1008.6,11.4,259,100,Cloudy,Overcast
2025-08-26T19:30:00.0000000,Pune,18.5204,73.8567,22.3,25,93,1008,12.1,267,100,Cloudy,Overcast
2025-08-26T20:30:00.0000000,Pune,18.5204,73.8567,22.1,24.7,94,1006.9,12.4,267,100,Cloudy,Overcast
2025-08-26T21:30:00.0000000,Pune,18.5204,73.8567,22.3,25.1,93,1007,10.8,265,100,Cloudy,Overcast
2025-08-26T22:30:00.0000000,Pune,18.5204,73.8567,22.3,25.3,93,1007.2,10.1,268,100,Cloudy,Overcast
2025-08-26T23:30:00.0000000,Pune,18.5204,73.8567,22.2,25.1,93,1007.3,9.6,262,100,Cloudy,Overcast
2025-08-27T00:30:00.0000000,Pune,18.5204,73.8567,22.9,26,92,1007,10.4,268,97,Drizzle,Light drizzle
2025-08-27T01:30:00.0000000,Pune,18.5204,73.8567,23.4,26.3,89,1007.1,11.7,274,98,Cloudy,Overcast
2025-08-27T02:30:00.0000000,Pune,18.5204,73.8567,24,26.7,86,1007.8,13.6,281,100,Cloudy,Overcast
2025-08-27T03:30:00.0000000,Pune,18.5204,73.8567,25.4,27.6,79,1008,15.9,276,100,Drizzle,Light drizzle
2025-08-27T04:30:00.0000000,Pune,18.5204,73.8567,25.9,28.3,76,1008,15.2,277,100,Drizzle,Light drizzle
2025-08-27T05:30:00.0000000,Pune,18.5204,73.8567,27.2,31.2,74,1007.6,12.7,282,99,Drizzle,Light drizzle
2025-08-27T06:30:00.0000000,Pune,18.5204,73.8567,28.1,33,71,1006.6,12.6,281,100,Cloudy,Overcast
2025-08-27T07:30:00.0000000,Pune,18.5204,73.8567,27.4,31.1,70,1005.3,17,279,100,Drizzle,Light drizzle
2025-08-27T08:30:00.0000000,Pune,18.5204,73.8567,26.6,29,76,1004.2,17.3,278,96,Drizzle,Light drizzle
2025-08-27T09:30:00.0000000,Pune,18.5204,73.8567,25.9,28,76,1003.7,16.6,272,99,Drizzle,Light drizzle
2025-08-27T10:30:00.0000000,Pune,18.5204,73.8567,25.8,27.9,75,1004.2,15.7,273,100,Drizzle,Moderate drizzle
2025-08-27T11:30:00.0000000,Pune,18.5204,73.8567,24,27,88,1005.2,12.8,272,100,Rain,Slight rain
2025-08-27T12:30:00.0000000,Pune,18.5204,73.8567,24.3,27,85,1005.5,13.9,276,100,Cloudy,Overcast
2025-08-27T13:30:00.0000000,Pune,18.5204,73.8567,23.5,26.5,89,1006.6,11.4,274,100,Cloudy,Overcast
2025-08-27T14:30:00.0000000,Pune,18.5204,73.8567,23,26,91,1006.9,11.7,267,100,Cloudy,Overcast
2025-08-27T15:30:00.0000000,Pune,18.5204,73.8567,23,26.2,92,1007.9,9.9,267,100,Cloudy,Overcast
2025-08-27T16:30:00.0000000,Pune,18.5204,73.8567,22.8,26,93,1008.1,10,257,100,Cloudy,Overcast
2025-08-27T17:30:00.0000000,Pune,18.5204,73.8567,22.7,25.9,93,1007.9,9.5,268,100,Cloudy,Overcast
2025-08-27T18:30:00.0000000,Pune,18.5204,73.8567,22.6,25.9,93,1007.5,9,270,100,Cloudy,Overcast
2025-08-27T19:30:00.0000000,Pune,18.5204,73.8567,22.6,25.8,93,1006.6,8.9,261,100,Cloudy,Overcast
2025-08-27T20:30:00.0000000,Pune,18.5204,73.8567,22.6,25.6,92,1005.9,10.9,257,100,Cloudy,Overcast
2025-08-27T21:30:00.0000000,Pune,18.5204,73.8567,22.7,25.5,92,1005.7,11.4,264,98,Cloudy,Overcast
2025-08-27T22:30:00.0000000,Pune,18.5204,73.8567,22.4,25.1,93,1005.7,12.3,260,100,Cloudy,Overcast
2025-08-27T23:30:00.0000000,Pune,18.5204,73.8567,22.5,25.2,92,1005.6,12.1,259,100,Cloudy,Overcast
2025-08-28T00:30:00.0000000,Pune,18.5204,73.8567,23.1,26.2,94,1006.2,11.9,256,100,Drizzle,Light drizzle
2025-08-28T01:30:00.0000000,Pune,18.5204,73.8567,23.5,26.7,92,1006.4,12.3,264,100,Drizzle,Light drizzle
2025-08-28T02:30:00.0000000,Pune,18.5204,73.8567,24.1,27.4,90,1007,13,272,100,Drizzle,Light drizzle
2025-08-28T03:30:00.0000000,Pune,18.5204,73.8567,25,28,86,1007.1,15.2,280,100,Cloudy,Overcast
2025-08-28T04:30:00.0000000,Pune,18.5204,73.8567,26.4,29.6,79,1006.7,14.3,285,100,Cloudy,Overcast
2025-08-28T05:30:00.0000000,Pune,18.5204,73.8567,27.2,31,76,1006,14.9,278,100,Drizzle,Light drizzle
2025-08-28T06:30:00.0000000,Pune,18.5204,73.8567,26.8,30,75,1005.5,15.4,284,100,Drizzle,Dense drizzle
2025-08-28T07:30:00.0000000,Pune,18.5204,73.8567,26.9,30,75,1004.5,13.6,281,100,Drizzle,Light drizzle
2025-08-28T08:30:00.0000000,Pune,18.5204,73.8567,25.1,28.2,85,1004.3,14.2,282,100,Rain,Moderate rain
2025-08-28T09:30:00.0000000,Pune,18.5204,73.8567,24.6,27.6,87,1003.8,13.6,281,100,Drizzle,Moderate drizzle
2025-08-28T10:30:00.0000000,Pune,18.5204,73.8567,24.9,27.9,84,1003.6,13.1,279,100,Drizzle,Dense drizzle
2025-08-28T11:30:00.0000000,Pune,18.5204,73.8567,23.5,26.7,94,1003.5,13.3,268,100,Rain,Slight rain
2025-08-28T12:30:00.0000000,Pune,18.5204,73.8567,23.4,26.3,88,1004.7,11.6,265,100,Cloudy,Overcast
2025-08-28T13:30:00.0000000,Pune,18.5204,73.8567,23.1,26,89,1005.7,10.6,266,100,Drizzle,Light drizzle
2025-08-28T14:30:00.0000000,Pune,18.5204,73.8567,22.8,25.9,91,1006.2,9.9,266,100,Drizzle,Light drizzle
2025-08-28T15:30:00.0000000,Pune,18.5204,73.8567,22.6,25.9,94,1007,9.4,268,100,Drizzle,Light drizzle
2025-08-28T16:30:00.0000000,Pune,18.5204,73.8567,22.4,25.7,96,1006.9,9.7,259,100,Drizzle,Moderate drizzle
2025-08-28T17:30:00.0000000,Pune,18.5204,73.8567,22.4,25.8,96,1006.7,9.6,258,100,Drizzle,Dense drizzle
2025-08-28T18:30:00.0000000,Pune,18.5204,73.8567,22.2,25.4,96,1006.3,10.6,247,100,Drizzle,Dense drizzle
2025-08-28T19:30:00.0000000,Pune,18.5204,73.8567,22.1,24.7,95,1005.4,13,243,100,Rain,Slight rain
2025-08-28T20:30:00.0000000,Pune,18.5204,73.8567,22,25.1,96,1005.2,9.7,272,100,Rain,Moderate rain
2025-08-28T21:30:00.0000000,Pune,18.5204,73.8567,21.9,25.5,96,1005.5,6,286,100,Rain,Slight rain
2025-08-28T22:30:00.0000000,Pune,18.5204,73.8567,22,24.9,96,1005.1,11.5,273,100,Drizzle,Dense drizzle
2025-08-28T23:30:00.0000000,Pune,18.5204,73.8567,22.1,25.4,96,1005.5,9,260,100,Drizzle,Light drizzle
2025-08-29T00:30:00.0000000,Pune,18.5204,73.8567,22.3,25.5,96,1005.7,10.5,265,100,Drizzle,Moderate drizzle
2025-08-29T01:30:00.0000000,Pune,18.5204,73.8567,22.6,26,95,1006.1,8.8,270,100,Cloudy,Overcast
2025-08-29T02:30:00.0000000,Pune,18.5204,73.8567,23.4,26.5,89,1006.9,11.1,261,100,Cloudy,Overcast
2025-08-29T03:30:00.0000000,Pune,18.5204,73.8567,24.9,27.8,82,1007,12.6,266,100,Cloudy,Overcast
2025-08-29T04:30:00.0000000,Pune,18.5204,73.8567,26.1,29.4,78,1006.8,11.4,264,100,Drizzle,Light drizzle
2025-08-29T05:30:00.0000000,Pune,18.5204,73.8567,27.3,31.4,74,1006.5,11.5,262,100,Cloudy,Overcast
2025-08-29T06:30:00.0000000,Pune,18.5204,73.8567,26.2,28.5,73,1006,14.3,266,100,Drizzle,Light drizzle
2025-08-29T07:30:00.0000000,Pune,18.5204,73.8567,24.6,28,84,1004.9,9.6,273,100,Drizzle,Light drizzle
2025-08-29T08:30:00.0000000,Pune,18.5204,73.8567,26.6,30,79,1004.3,12,261,100,Drizzle,Light drizzle
2025-08-29T09:30:00.0000000,Pune,18.5204,73.8567,25.5,28.2,80,1003.9,14.3,259,99,Rain,Moderate rain
2025-08-29T10:30:00.0000000,Pune,18.5204,73.8567,24.6,27.6,85,1004.2,13,259,100,Drizzle,Light drizzle
2025-08-29T11:30:00.0000000,Pune,18.5204,73.8567,24.3,27.5,86,1004.3,11.8,251,99,Cloudy,Overcast
2025-08-29T12:30:00.0000000,Pune,18.5204,73.8567,23.6,27.2,94,1005.1,10.9,253,100,Drizzle,Moderate drizzle
2025-08-29T13:30:00.0000000,Pune,18.5204,73.8567,23,26.3,94,1005.9,11.6,251,100,Drizzle,Light drizzle
2025-08-29T14:30:00.0000000,Pune,18.5204,73.8567,22.7,25.6,94,1006.8,11.7,249,100,Cloudy,Overcast
2025-08-29T15:30:00.0000000,Pune,18.5204,73.8567,22.5,25.7,94,1007.8,10,255,100,Rain,Slight rain
2025-08-29T16:30:00.0000000,Pune,18.5204,73.8567,22.5,26.1,95,1008.3,7.8,265,100,Drizzle,Light drizzle
2025-08-29T17:30:00.0000000,Pune,18.5204,73.8567,22.4,26.1,96,1008.2,7.7,281,99,Drizzle,Light drizzle
2025-08-29T18:30:00.0000000,Pune,18.5204,73.8567,22.4,26,96,1008.1,7.7,254,100,Drizzle,Light drizzle
2025-08-29T19:30:00.0000000,Pune,18.5204,73.8567,22.3,25.9,95,1007.4,7.6,245,92,Cloudy,Overcast
2025-08-29T20:30:00.0000000,Pune,18.5204,73.8567,22.2,25.6,96,1006.7,8,245,83,Cloudy,Overcast
2025-08-29T21:30:00.0000000,Pune,18.5204,73.8567,22,25.2,96,1006.3,9.5,238,95,Cloudy,Overcast
2025-08-29T22:30:00.0000000,Pune,18.5204,73.8567,22,25.2,96,1006.3,9.4,241,100,Cloudy,Overcast
2025-08-29T23:30:00.0000000,Pune,18.5204,73.8567,22.2,25.5,95,1006.8,9,248,100,Cloudy,Overcast
2025-08-30T00:30:00.0000000,Pune,18.5204,73.8567,22.5,26.1,96,1007.6,8.5,252,75,Partly cloudy,Partly cloudy sky
2025-08-30T01:30:00.0000000,Pune,18.5204,73.8567,23.1,26.4,93,1007.9,10.9,243,86,Cloudy,Overcast
2025-08-30T02:30:00.0000000,Pune,18.5204,73.8567,24.1,26.9,87,1008.5,13.5,257,48,Mainly clear,Few clouds
2025-08-30T03:30:00.0000000,Pune,18.5204,73.8567,25.9,28.6,77,1008.7,13.4,262,56,Drizzle,Light drizzle
2025-08-30T04:30:00.0000000,Pune,18.5204,73.8567,26.6,29.3,74,1008.6,13.9,257,35,Drizzle,Light drizzle
2025-08-30T05:30:00.0000000,Pune,18.5204,73.8567,27.4,31.5,72,1008.4,13.5,256,53,Drizzle,Light drizzle
2025-08-30T06:30:00.0000000,Pune,18.5204,73.8567,27.9,31.6,71,1007.7,13.6,259,29,Mainly clear,Few clouds
2025-08-30T07:30:00.0000000,Pune,18.5204,73.8567,28,31.9,68,1006.8,14.6,267,62,Drizzle,Light drizzle
2025-08-30T08:30:00.0000000,Pune,18.5204,73.8567,27,30.1,75,1006.2,16.4,257,91,Rain,Moderate rain
2025-08-30T09:30:00.0000000,Pune,18.5204,73.8567,27,29.9,75,1005.9,16.1,266,85,Drizzle,Light drizzle
2025-08-30T10:30:00.0000000,Pune,18.5204,73.8567,26.8,29.4,74,1005.9,15.4,264,94,Cloudy,Overcast
2025-08-30T11:30:00.0000000,Pune,18.5204,73.8567,25.8,28.3,78,1006.2,15.5,262,98,Drizzle,Light drizzle
2025-08-30T12:30:00.0000000,Pune,18.5204,73.8567,24.5,27.4,85,1007.7,12.8,254,100,Cloudy,Overcast
2025-08-30T13:30:00.0000000,Pune,18.5204,73.8567,24,27,86,1008.7,11.6,257,98,Cloudy,Overcast
2025-08-30T14:30:00.0000000,Pune,18.5204,73.8567,23.5,26.6,89,1009.3,10.2,261,98,Cloudy,Overcast
2025-08-30T15:30:00.0000000,Pune,18.5204,73.8567,23.2,26.5,90,1009.8,8.7,256,100,Cloudy,Overcast
2025-08-30T16:30:00.0000000,Pune,18.5204,73.8567,22.9,26.1,91,1010.1,9.3,246,100,Cloudy,Overcast
2025-08-30T17:30:00.0000000,Pune,18.5204,73.8567,22.8,25.9,92,1009.7,9.9,245,99,Cloudy,Overcast
2025-08-30T18:30:00.0000000,Pune,18.5204,73.8567,22.8,26.1,93,1009.2,9.8,247,100,Cloudy,Overcast
2025-08-30T19:30:00.0000000,Pune,18.5204,73.8567,23.1,26.4,92,1008.5,9.9,254,100,Cloudy,Overcast
2025-08-30T20:30:00.0000000,Pune,18.5204,73.8567,23.1,26.3,92,1007.9,10.1,259,100,Cloudy,Overcast
2025-08-30T21:30:00.0000000,Pune,18.5204,73.8567,23.1,26.4,92,1007.6,9.6,258,100,Cloudy,Overcast
2025-08-30T22:30:00.0000000,Pune,18.5204,73.8567,23.1,26.3,91,1007.8,10.2,263,100,Cloudy,Overcast
2025-08-30T23:30:00.0000000,Pune,18.5204,73.8567,23,26.1,91,1008,11.1,263,100,Cloudy,Overcast
2025-08-31T00:30:00.0000000,Pune,18.5204,73.8567,22.8,25.6,90,1008.8,11.7,257,97,Cloudy,Overcast
2025-08-31T01:30:00.0000000,Pune,18.5204,73.8567,23.2,25.9,89,1008.9,12.4,256,100,Cloudy,Overcast
2025-08-31T02:30:00.0000000,Pune,18.5204,73.8567,24.5,26.5,82,1009.4,17.3,258,99,Cloudy,Overcast
2025-08-31T03:30:00.0000000,Pune,18.5204,73.8567,25.7,27.6,77,1009.5,18.3,260,100,Drizzle,Light drizzle
2025-08-31T04:30:00.0000000,Pune,18.5204,73.8567,26.5,28.7,74,1009.6,17.1,261,99,Cloudy,Overcast
2025-08-31T05:30:00.0000000,Pune,18.5204,73.8567,27.1,29.9,71,1009.2,18,263,99,Drizzle,Light drizzle
2025-08-31T06:30:00.0000000,Pune,18.5204,73.8567,27.3,31.1,74,1008.7,16.4,257,100,Drizzle,Light drizzle
2025-08-31T07:30:00.0000000,Pune,18.5204,73.8567,27.9,31.9,72,1007.4,16.8,261,100,Cloudy,Overcast
2025-08-31T08:30:00.0000000,Pune,18.5204,73.8567,26.5,29.7,77,1006.5,19.6,267,100,Drizzle,Moderate drizzle
2025-08-31T09:30:00.0000000,Pune,18.5204,73.8567,26.4,28.6,77,1005.2,18.3,263,100,Drizzle,Light drizzle
2025-08-31T10:30:00.0000000,Pune,18.5204,73.8567,25.6,27.8,81,1005.3,18.4,272,100,Rain,Slight rain
2025-08-31T11:30:00.0000000,Pune,18.5204,73.8567,25.1,27.3,82,1005.6,17.7,261,100,Drizzle,Moderate drizzle
2025-08-31T12:30:00.0000000,Pune,18.5204,73.8567,24.2,26.8,86,1007,14.6,265,100,Cloudy,Overcast
2025-08-31T13:30:00.0000000,Pune,18.5204,73.8567,23.6,26.3,89,1007.8,13.4,265,100,Cloudy,Overcast
2025-08-31T14:30:00.0000000,Pune,18.5204,73.8567,23.3,26.1,90,1008.3,13,260,100,Cloudy,Overcast
2025-08-31T15:30:00.0000000,Pune,18.5204,73.8567,23.2,25.9,90,1008.7,13.2,259,100,Cloudy,Overcast
2025-08-31T16:30:00.0000000,Pune,18.5204,73.8567,23,25.5,90,1008.8,14.2,261,100,Cloudy,Overcast
2025-08-31T17:30:00.0000000,Pune,18.5204,73.8567,22.8,25.4,91,1008.8,13.4,265,100,Cloudy,Overcast
2025-08-31T18:30:00.0000000,Pune,18.5204,73.8567,22.8,25.2,90,1008.4,13.8,258,100,Cloudy,Overcast
2025-08-31T19:30:00.0000000,Pune,18.5204,73.8567,22.6,25,90,1007.6,13.3,260,100,Cloudy,Overcast
2025-08-31T20:30:00.0000000,Pune,18.5204,73.8567,22.4,24.7,91,1007.1,13.3,260,100,Cloudy,Overcast
2025-08-31T21:30:00.0000000,Pune,18.5204,73.8567,22.4,24.7,91,1006.5,13.2,264,100,Cloudy,Overcast
2025-08-31T22:30:00.0000000,Pune,18.5204,73.8567,22.3,24.5,92,1006.5,14,263,100,Cloudy,Overcast
2025-08-31T23:30:00.0000000,Pune,18.5204,73.8567,22.2,24.4,92,1006.5,14.3,264,100,Cloudy,Overcast
2025-09-01T00:30:00.0000000,Pune,18.5204,73.8567,22.8,25.1,92,1006.7,15.1,262,100,Cloudy,Overcast
2025-09-01T01:30:00.0000000,Pune,18.5204,73.8567,23.2,25.8,90,1006.9,14.2,263,100,Drizzle,Light drizzle
2025-09-01T02:30:00.0000000,Pune,18.5204,73.8567,23.9,25.8,87,1007.3,18.7,258,100,Drizzle,Light drizzle
2025-09-01T03:30:00.0000000,Pune,18.5204,73.8567,24.4,26.1,84,1007.8,20.2,268,86,Drizzle,Light drizzle
2025-09-01T04:30:00.0000000,Pune,18.5204,73.8567,25.8,28.2,78,1007.9,21.5,265,46,Drizzle,Light drizzle
2025-09-01T05:30:00.0000000,Pune,18.5204,73.8567,26.2,28.3,74,1007.6,21.7,266,54,Drizzle,Light drizzle
2025-09-01T06:30:00.0000000,Pune,18.5204,73.8567,26.7,29,72,1006.8,22.1,258,57,Drizzle,Light drizzle
2025-09-01T07:30:00.0000000,Pune,18.5204,73.8567,26.2,28.4,73,1005.4,24.7,266,79,Drizzle,Moderate drizzle
2025-09-01T08:30:00.0000000,Pune,18.5204,73.8567,25.7,27,76,1004.6,25.2,263,57,Drizzle,Light drizzle
2025-09-01T09:30:00.0000000,Pune,18.5204,73.8567,25.5,26.8,80,1003.8,23.8,267,79,Drizzle,Moderate drizzle
2025-09-01T10:30:00.0000000,Pune,18.5204,73.8567,24.9,26,81,1004,24.5,266,99,Drizzle,Light drizzle
2025-09-01T11:30:00.0000000,Pune,18.5204,73.8567,24.4,26,83,1004,19.9,264,100,Drizzle,Light drizzle
2025-09-01T12:30:00.0000000,Pune,18.5204,73.8567,23.8,25.8,87,1005.3,17.4,260,100,Cloudy,Overcast
2025-09-01T13:30:00.0000000,Pune,18.5204,73.8567,23.4,25.6,88,1006.4,16.5,260,100,Cloudy,Overcast
2025-09-01T14:30:00.0000000,Pune,18.5204,73.8567,23.2,25.6,89,1007.1,14.8,257,100,Drizzle,Light drizzle
2025-09-01T15:30:00.0000000,Pune,18.5204,73.8567,23,25.2,90,1007.6,16.2,258,100,Cloudy,Overcast
2025-09-01T16:30:00.0000000,Pune,18.5204,73.8567,23,25.4,91,1007.8,14.9,259,100,Cloudy,Overcast
2025-09-01T17:30:00.0000000,Pune,18.5204,73.8567,23.1,25.6,90,1007.6,14,254,100,Cloudy,Overcast
2025-09-01T18:30:00.0000000,Pune,18.5204,73.8567,22.7,24.9,91,1007.1,15.3,258,100,Cloudy,Overcast
2025-09-01T19:30:00.0000000,Pune,18.5204,73.8567,22.6,24.9,92,1006.5,15,259,99,Cloudy,Overcast
2025-09-01T20:30:00.0000000,Pune,18.5204,73.8567,22.6,25.2,92,1005.9,12.6,265,100,Cloudy,Overcast
2025-09-01T21:30:00.0000000,Pune,18.5204,73.8567,22.7,25.1,91,1005.5,13.8,264,100,Cloudy,Overcast
2025-09-01T22:30:00.0000000,Pune,18.5204,73.8567,22.7,25,91,1005.3,14.3,258,100,Cloudy,Overcast
2025-09-01T23:30:00.0000000,Pune,18.5204,73.8567,22.7,24.9,90,1005.3,14.6,266,99,Cloudy,Overcast
2025-09-02T00:30:00.0000000,Pune,18.5204,73.8567,22.7,25.3,93,1005.9,13.9,269,100,Cloudy,Overcast
2025-09-02T01:30:00.0000000,Pune,18.5204,73.8567,23.2,26.3,92,1006.3,12.3,267,96,Drizzle,Light drizzle
2025-09-02T02:30:00.0000000,Pune,18.5204,73.8567,24.2,26.3,87,1007,18.9,269,89,Drizzle,Light drizzle
2025-09-02T03:30:00.0000000,Pune,18.5204,73.8567,25.3,27.3,81,1007,19.5,273,51,Drizzle,Light drizzle
2025-09-02T04:30:00.0000000,Pune,18.5204,73.8567,25.6,27.5,81,1007,21.4,271,56,Drizzle,Moderate drizzle
2025-09-02T05:30:00.0000000,Pune,18.5204,73.8567,26.2,28.6,77,1006.8,20.9,278,61,Drizzle,Light drizzle
2025-09-02T06:30:00.0000000,Pune,18.5204,73.8567,26.4,29.3,76,1006.4,21.7,279,67,Drizzle,Light drizzle
2025-09-02T07:30:00.0000000,Pune,18.5204,73.8567,26.7,29.7,74,1005.4,20.4,275,95,Drizzle,Light drizzle
2025-09-02T08:30:00.0000000,Pune,18.5204,73.8567,26.6,29,75,1004.3,21.6,278,96,Drizzle,Light drizzle
2025-09-02T09:30:00.0000000,Pune,18.5204,73.8567,26.4,28.2,75,1003.8,20.6,274,100,Drizzle,Light drizzle
2025-09-02T10:30:00.0000000,Pune,18.5204,73.8567,25.6,27.2,79,1003.9,21.3,276,100,Drizzle,Light drizzle
2025-09-02T11:30:00.0000000,Pune,18.5204,73.8567,24.7,27.1,84,1004.2,16.8,272,100,Drizzle,Light drizzle
2025-09-02T12:30:00.0000000,Pune,18.5204,73.8567,24,27,86,1005.3,11.3,268,99,Cloudy,Overcast
2025-09-02T13:30:00.0000000,Pune,18.5204,73.8567,23.3,26.1,88,1006.4,12,263,99,Cloudy,Overcast
2025-09-02T14:30:00.0000000,Pune,18.5204,73.8567,22.8,25.8,91,1007.4,10.1,259,100,Cloudy,Overcast
2025-09-02T15:30:00.0000000,Pune,18.5204,73.8567,22.8,25.8,91,1008.1,10.1,259,100,Cloudy,Overcast
2025-09-02T16:30:00.0000000,Pune,18.5204,73.8567,22.9,25.9,91,1008.3,10.8,260,100,Cloudy,Overcast
2025-09-02T17:30:00.0000000,Pune,18.5204,73.8567,22.9,25.7,91,1008.1,11.8,263,100,Cloudy,Overcast
2025-09-02T18:30:00.0000000,Pune,18.5204,73.8567,22.5,25.4,92,1007.6,11.2,266,100,Cloudy,Overcast
2025-09-02T19:30:00.0000000,Pune,18.5204,73.8567,22.6,25.4,92,1006.8,11.4,263,100,Cloudy,Overcast
2025-09-02T20:30:00.0000000,Pune,18.5204,73.8567,22.5,24.9,91,1006.1,13.1,261,99,Cloudy,Overcast
2025-09-02T21:30:00.0000000,Pune,18.5204,73.8567,22.4,24.6,91,1006,13.7,265,100,Cloudy,Overcast
2025-09-02T22:30:00.0000000,Pune,18.5204,73.8567,22.4,24.7,92,1005.7,13.7,265,100,Cloudy,Overcast
2025-09-02T23:30:00.0000000,Pune,18.5204,73.8567,22.4,24.9,91,1006.2,12.1,273,100,Cloudy,Overcast
2025-09-03T00:30:00.0000000,Pune,18.5204,73.8567,22.4,25.2,93,1006.5,11.6,277,100,Cloudy,Overcast
2025-09-03T01:30:00.0000000,Pune,18.5204,73.8567,22.9,25.6,91,1006.8,12.4,268,98,Drizzle,Light drizzle
2025-09-03T02:30:00.0000000,Pune,18.5204,73.8567,23.3,25.7,89,1007.6,15.1,271,99,Drizzle,Light drizzle
2025-09-03T03:30:00.0000000,Pune,18.5204,73.8567,24.8,26.6,81,1007.9,18.6,273,100,Drizzle,Light drizzle
2025-09-03T04:30:00.0000000,Pune,18.5204,73.8567,26,28.9,75,1008,15.9,279,100,Drizzle,Light drizzle
2025-09-03T05:30:00.0000000,Pune,18.5204,73.8567,26.5,29.6,74,1007.8,15.5,275,100,Drizzle,Light drizzle
2025-09-03T06:30:00.0000000,Pune,18.5204,73.8567,26,29.7,77,1007.1,15.9,283,99,Drizzle,Moderate drizzle
2025-09-03T07:30:00.0000000,Pune,18.5204,73.8567,26.9,30.3,73,1005.8,15.8,278,100,Drizzle,Light drizzle
2025-09-03T08:30:00.0000000,Pune,18.5204,73.8567,26.6,29.6,72,1005.1,19,275,100,Drizzle,Light drizzle
2025-09-03T09:30:00.0000000,Pune,18.5204,73.8567,25.3,27.3,79,1004.7,17.6,269,100,Drizzle,Moderate drizzle
2025-09-03T10:30:00.0000000,Pune,18.5204,73.8567,25.1,27.1,81,1004.4,18.2,277,100,Drizzle,Light drizzle
2025-09-03T11:30:00.0000000,Pune,18.5204,73.8567,24.4,26.4,82,1004.7,16.5,278,100,Drizzle,Light drizzle
2025-09-03T12:30:00.0000000,Pune,18.5204,73.8567,24,26,81,1005.3,14.4,269,100,Cloudy,Overcast
2025-09-03T13:30:00.0000000,Pune,18.5204,73.8567,23.2,25.6,85,1006.1,12.4,268,100,Cloudy,Overcast
2025-09-03T14:30:00.0000000,Pune,18.5204,73.8567,22.9,25.6,88,1007.2,10.4,268,100,Cloudy,Overcast
2025-09-03T15:30:00.0000000,Pune,18.5204,73.8567,22.5,25.1,90,1008.1,10.8,269,100,Cloudy,Overcast
2025-09-03T16:30:00.0000000,Pune,18.5204,73.8567,22.2,24.8,91,1008.1,11,265,100,Cloudy,Overcast
2025-09-03T17:30:00.0000000,Pune,18.5204,73.8567,21.9,24.5,93,1007.8,10.3,257,100,Cloudy,Overcast
2025-09-03T18:30:00.0000000,Pune,18.5204,73.8567,22,24.6,93,1007.2,11.4,257,100,Cloudy,Overcast
2025-09-03T19:30:00.0000000,Pune,18.5204,73.8567,22,24.8,94,1006.6,11,260,100,Cloudy,Overcast
2025-09-03T20:30:00.0000000,Pune,18.5204,73.8567,22.2,24.8,92,1005.9,10.9,257,100,Cloudy,Overcast
2025-09-03T21:30:00.0000000,Pune,18.5204,73.8567,22.4,25,90,1005.6,10.8,259,100,Cloudy,Overcast
2025-09-03T22:30:00.0000000,Pune,18.5204,73.8567,22.4,25.3,91,1006.1,9.6,249,100,Cloudy,Overcast
2025-09-03T23:30:00.0000000,Pune,18.5204,73.8567,22.3,24.9,91,1006.5,11.4,252,100,Cloudy,Overcast
2025-09-04T00:30:00.0000000,Pune,18.5204,73.8567,22.1,24.6,93,1006.6,12.5,254,100,Cloudy,Overcast
2025-09-04T01:30:00.0000000,Pune,18.5204,73.8567,22.6,25.1,91,1006.9,13.4,250,100,Cloudy,Overcast
2025-09-04T02:30:00.0000000,Pune,18.5204,73.8567,23.7,25.6,84,1008,16.6,261,100,Cloudy,Overcast
2025-09-04T03:30:00.0000000,Pune,18.5204,73.8567,24.9,26.6,79,1008.3,17.5,272,99,Drizzle,Light drizzle
2025-09-04T04:30:00.0000000,Pune,18.5204,73.8567,25.9,28.4,76,1008.4,16.8,272,85,Drizzle,Light drizzle
2025-09-04T05:30:00.0000000,Pune,18.5204,73.8567,26.6,30,73,1007.8,17.7,274,40,Mainly clear,Few clouds
2025-09-04T06:30:00.0000000,Pune,18.5204,73.8567,26.8,29.8,71,1007.2,19.8,271,94,Cloudy,Overcast
2025-09-04T07:30:00.0000000,Pune,18.5204,73.8567,26.1,28.2,71,1006.3,19.6,273,91,Drizzle,Light drizzle
2025-09-04T08:30:00.0000000,Pune,18.5204,73.8567,25.1,26.1,75,1005.9,20.1,277,59,Drizzle,Light drizzle
2025-09-04T09:41:29.0000000,Pune,18.5196,73.8553,23.9,24.49,82,1005,4.23,266,100,Clouds,overcast clouds
2025-09-04T10:03:59.0000000,Pune,18.5196,73.8553,23.92,24.53,83,1005,4.23,266,100,Clouds,overcast clouds
2025-09-04T10:13:25.0000000,Pune,18.5196,73.8553,23.92,24.53,83,1005,4.23,266,100,Clouds,overcast clouds
2025-09-04T11:12:00.0000000,Pune,18.5196,73.8553,23.84,24.45,83,1005,3.93,271,100,Clouds,overcast clouds
2025-09-04T13:21:15.0000000,Pune,18.5196,73.8553,23.18,23.77,85,1007,3.48,263,100,Clouds,overcast clouds
2025-09-04T14:10:51.0000000,Pune,18.5196,73.8553,22.63,23.22,87,1007,3.15,252,100,Clouds,overcast clouds
2025-09-04T15:22:43.0000000,Pune,18.5196,73.8553,22.03,22.64,90,1008,3.29,247,100,Clouds,overcast clouds
2025-09-04T17:12:47.0000000,Pune,18.5196,73.8553,21.04,21.65,94,1008,2.74,240,100,Clouds,overcast clouds
2025-09-04T18:16:36.0000000,Pune,18.5196,73.8553,20.99,21.63,95,1008,2.72,236,100,Clouds,overcast clouds
2025-09-04T19:15:18.0000000,Pune,18.5196,73.8553,21.34,21.98,94,1008,2.6,242,100,Clouds,overcast clouds
2025-09-04T20:11:47.0000000,Pune,18.5196,73.8553,21.49,22.15,94,1007,2.58,244,100,Clouds,overcast clouds
2025-09-04T21:15:01.0000000,Pune,18.5196,73.8553,21.54,22.2,94,1006,2.83,235,100,Clouds,overcast clouds
2025-09-04T22:18:38.0000000,Pune,18.5196,73.8553,21.49,22.18,95,1006,2.59,239,100,Clouds,overcast clouds
2025-09-04T23:13:10.0000000,Pune,18.5196,73.8553,21.49,22.18,95,1006,2.42,239,100,Clouds,overcast clouds
2025-09-05T00:15:01.0000000,Pune,18.5196,73.8553,21.63,22.33,95,1007,2.18,230,100,Clouds,overcast clouds
2025-09-05T01:15:02.0000000,Pune,18.5196,73.8553,23.61,24.51,95,1008,2.4,229,100,Clouds,overcast clouds
2025-09-05T02:09:45.0000000,Pune,18.5196,73.8553,21.82,22.51,94,1008,2.57,235,100,Clouds,overcast clouds
2025-09-05T04:13:18.0000000,Pune,18.5196,73.8553,23.09,23.7,86,1009,4.25,248,100,Clouds,overcast clouds
2025-09-05T06:21:22.0000000,Pune,18.5196,73.8553,27.61,30.16,72,1008,5.78,255,100,Clouds,overcast clouds
2025-09-05T07:16:13.0000000,Pune,18.5196,73.8553,27.97,31.29,75,1008,6.02,256,100,Clouds,overcast clouds
2025-09-05T08:10:32.0000000,Pune,18.5196,73.8553,24.83,25.43,79,1007,5.89,254,100,Clouds,overcast clouds
2025-09-05T09:12:22.0000000,Pune,18.5196,73.8553,24.17,24.84,84,1007,5.23,254,100,Clouds,overcast clouds
2025-09-05T10:10:31.0000000,Pune,18.5196,73.8553,23.73,24.43,87,1006,4.68,256,100,Clouds,overcast clouds
2025-09-05T12:17:09.0000000,Pune,18.5196,73.8553,23.65,24.32,86,1007,4.21,259,99,Clouds,overcast clouds
2025-09-05T13:10:16.0000000,Pune,18.5196,73.8553,23.41,24.05,86,1007,3.36,251,100,Clouds,overcast clouds
2025-09-05T14:19:15.0000000,Pune,18.5196,73.8553,22.84,23.5,89,1008,3.12,245,100,Clouds,overcast clouds
2025-09-05T15:09:06.0000000,Pune,18.5196,73.8553,22.59,23.25,90,1008,3.07,243,100,Clouds,overcast clouds
2025-09-05T16:14:53.0000000,Pune,18.5196,73.8553,22.44,23.09,90,1009,2.89,250,100,Clouds,overcast clouds
2025-09-05T17:14:37.0000000,Pune,18.5196,73.8553,22.15,22.82,92,1009,3.02,250,100,Clouds,overcast clouds
2025-09-05T18:14:22.0000000,Pune,18.5196,73.8553,21.79,22.45,93,1009,2.87,244,100,Clouds,overcast clouds
2025-09-05T19:16:54.0000000,Pune,18.5196,73.8553,21.74,22.4,93,1008,2.78,249,100,Clouds,overcast clouds
2025-09-05T20:12:09.0000000,Pune,18.5196,73.8553,21.79,22.4,91,1008,2.95,252,100,Clouds,overcast clouds
2025-07-31T19:30:00.0000000,Pune,18.5204,73.8567,22.7,25.1,90,1007.7,13.9,257,86,Cloudy,Overcast
2025-07-31T20:30:00.0000000,Pune,18.5204,73.8567,22.5,24.9,91,1006.8,13.4,256,100,Cloudy,Overcast
2025-07-31T21:30:00.0000000,Pune,18.5204,73.8567,22.5,24.8,91,1006.5,14.1,253,98,Cloudy,Overcast
2025-07-31T22:30:00.0000000,Pune,18.5204,73.8567,22.5,24.9,91,1006.5,13.6,255,81,Cloudy,Overcast
2025-07-31T23:30:00.0000000,Pune,18.5204,73.8567,22.3,24.5,91,1007,13.7,265,100,Cloudy,Overcast
2025-08-01T00:30:00.0000000,Pune,18.5204,73.8567,22.8,25.4,91,1007.3,13.2,256,96,Cloudy,Overcast
2025-08-01T01:30:00.0000000,Pune,18.5204,73.8567,23.3,25.7,90,1007.9,15,254,95,Cloudy,Overcast
2025-08-01T02:30:00.0000000,Pune,18.5204,73.8567,24.3,26.3,85,1008.1,18.2,258,100,Cloudy,Overcast
2025-08-01T03:30:00.0000000,Pune,18.5204,73.8567,25.3,27,79,1008.3,19.2,260,100,Drizzle,Light drizzle
2025-08-01T04:30:00.0000000,Pune,18.5204,73.8567,26.6,29,74,1008.2,18.5,263,100,Cloudy,Overcast
2025-08-01T05:30:00.0000000,Pune,18.5204,73.8567,27.2,30.3,71,1008.1,18.6,261,100,Cloudy,Overcast
2025-08-01T06:30:00.0000000,Pune,18.5204,73.8567,27.4,30.2,70,1007.7,19.1,262,93,Drizzle,Light drizzle
2025-08-01T07:30:00.0000000,Pune,18.5204,73.8567,27.3,30.4,71,1007.1,18,256,100,Drizzle,Light drizzle
2025-08-01T08:30:00.0000000,Pune,18.5204,73.8567,27.2,29.6,71,1006.6,20.9,259,88,Drizzle,Light drizzle
2025-08-01T09:30:00.0000000,Pune,18.5204,73.8567,27.1,29.6,73,1006.2,19.5,259,33,Drizzle,Light drizzle
2025-08-01T10:30:00.0000000,Pune,18.5204,73.8567,26.5,28.6,75,1006.3,18,258,51,Drizzle,Light drizzle
2025-08-01T11:30:00.0000000,Pune,18.5204,73.8567,26.1,28.1,75,1006.2,16.8,266,58,Partly cloudy,Partly cloudy sky
2025-08-01T12:30:00.0000000,Pune,18.5204,73.8567,24.6,27.1,81,1007.5,13.7,256,95,Cloudy,Overcast
2025-08-01T13:30:00.0000000,Pune,18.5204,73.8567,23.7,26.5,85,1008,11.2,255,100,Cloudy,Overcast
2025-08-01T14:30:00.0000000,Pune,18.5204,73.8567,23.1,26,89,1008.6,10.9,250,98,Cloudy,Overcast
2025-08-01T15:30:00.0000000,Pune,18.5204,73.8567,23,26,91,1008.6,10.5,257,99,Cloudy,Overcast
2025-08-01T16:30:00.0000000,Pune,18.5204,73.8567,23.2,26.4,90,1008.9,9.6,261,100,Cloudy,Overcast
2025-08-01T17:30:00.0000000,Pune,18.5204,73.8567,23,26,91,1008.8,10.7,256,100,Cloudy,Overcast
2025-08-01T18:30:00.0000000,Pune,18.5204,73.8567,22.8,26.1,92,1008.7,8.9,251,100,Cloudy,Overcast
2025-08-01T19:30:00.0000000,Pune,18.5204,73.8567,22.9,26.1,91,1008.1,9.4,257,100,Cloudy,Overcast
2025-08-01T20:30:00.0000000,Pune,18.5204,73.8567,22.8,26,92,1007.4,9,264,100,Cloudy,Overcast
2025-08-01T21:30:00.0000000,Pune,18.5204,73.8567,22.8,26,92,1007.1,9.7,252,100,Cloudy,Overcast
2025-08-01T22:30:00.0000000,Pune,18.5204,73.8567,22.7,25.5,92,1007,11.6,249,100,Cloudy,Overcast
2025-08-01T23:30:00.0000000,Pune,18.5204,73.8567,22.9,25.5,90,1007.4,12.5,252,99,Cloudy,Overcast
2025-08-02T00:30:00.0000000,Pune,18.5204,73.8567,23.2,26.4,92,1007.6,10.3,255,91,Cloudy,Overcast
2025-08-02T01:30:00.0000000,Pune,18.5204,73.8567,23.7,27.1,90,1008,10.4,262,39,Mainly clear,Few clouds
2025-08-02T02:30:00.0000000,Pune,18.5204,73.8567,24.8,27.4,84,1008.6,15.5,261,99,Drizzle,Light drizzle
2025-08-02T03:30:00.0000000,Pune,18.5204,73.8567,25.6,28.1,80,1008.6,16.5,264,99,Drizzle,Light drizzle
2025-08-02T04:30:00.0000000,Pune,18.5204,73.8567,26.5,29.3,76,1008.6,15.9,265,100,Drizzle,Light drizzle
2025-08-02T05:30:00.0000000,Pune,18.5204,73.8567,27,30.1,73,1008.3,16.2,269,100,Drizzle,Light drizzle
2025-08-02T06:30:00.0000000,Pune,18.5204,73.8567,28.2,32.2,67,1007.7,16.2,266,100,Drizzle,Light drizzle
2025-08-02T07:30:00.0000000,Pune,18.5204,73.8567,28,31.8,69,1006.9,17.5,270,100,Drizzle,Light drizzle
2025-08-02T08:30:00.0000000,Pune,18.5204,73.8567,27.1,30.6,74,1006.2,16.2,272,100,Drizzle,Moderate drizzle
2025-08-02T09:30:00.0000000,Pune,18.5204,73.8567,27.2,29.8,75,1005.5,17.7,266,100,Cloudy,Overcast
2025-08-02T10:30:00.0000000,Pune,18.5204,73.8567,26.3,28.8,78,1005.7,17.2,264,100,Drizzle,Light drizzle
2025-08-02T11:30:00.0000000,Pune,18.5204,73.8567,26.1,28.4,77,1005.5,17.7,266,100,Cloudy,Overcast
2025-08-02T12:30:00.0000000,Pune,18.5204,73.8567,24.9,27.6,83,1006.7,14.6,271,100,Cloudy,Overcast
2025-08-02T13:30:00.0000000,Pune,18.5204,73.8567,23.8,26.7,88,1007.3,12.5,264,100,Cloudy,Overcast
2025-08-02T14:30:00.0000000,Pune,18.5204,73.8567,23.3,26.6,90,1008.3,9.6,266,99,Cloudy,Overcast
2025-08-02T15:30:00.0000000,Pune,18.5204,73.8567,23.1,26.2,91,1008.7,10,257,99,Cloudy,Overcast
2025-08-02T16:30:00.0000000,Pune,18.5204,73.8567,23,26.2,91,1009.4,9.8,257,96,Cloudy,Overcast
2025-08-02T17:30:00.0000000,Pune,18.5204,73.8567,22.8,26.1,92,1009.5,8.7,257,93,Cloudy,Overcast
2025-08-02T18:30:00.0000000,Pune,18.5204,73.8567,22.6,26,93,1009.2,7.9,258,38,Mainly clear,Few clouds
2025-08-02T19:30:00.0000000,Pune,18.5204,73.8567,22.5,25.9,94,1008.4,8,254,58,Partly cloudy,Partly cloudy sky
2025-08-02T20:30:00.0000000,Pune,18.5204,73.8567,22.5,25.8,94,1007.7,8.8,255,100,Cloudy,Overcast
2025-08-02T21:30:00.0000000,Pune,18.5204,73.8567,22.5,25.7,93,1007.8,9.2,249,100,Cloudy,Overcast
2025-08-02T22:30:00.0000000,Pune,18.5204,73.8567,22.5,25.8,92,1008.1,7.6,248,100,Cloudy,Overcast
2025-08-02T23:30:00.0000000,Pune,18.5204,73.8567,22.5,26,92,1008.5,7.3,263,100,Cloudy,Overcast
2025-08-03T00:30:00.0000000,Pune,18.5204,73.8567,22.5,25.8,93,1008.7,7.6,263,99,Cloudy,Overcast
2025-08-03T01:30:00.0000000,Pune,18.5204,73.8567,23.2,26.2,89,1008.9,10.5,263,99,Cloudy,Overcast
2025-08-03T02:30:00.0000000,Pune,18.5204,73.8567,24.5,27.4,82,1009.2,11.6,255,100,Cloudy,Overcast
2025-08-03T03:30:00.0000000,Pune,18.5204,73.8567,25.7,28.3,76,1009.3,12.4,257,100,Cloudy,Overcast
2025-08-03T04:30:00.0000000,Pune,18.5204,73.8567,26.9,29.7,70,1009.1,12.5,263,100,Drizzle,Light drizzle
2025-08-03T05:30:00.0000000,Pune,18.5204,73.8567,27,29.6,70,1009.2,11.3,268,100,Cloudy,Overcast
2025-08-03T06:30:00.0000000,Pune,18.5204,73.8567,27.7,31.7,68,1008.8,10.8,260,99,Drizzle,Light drizzle
2025-08-03T07:30:00.0000000,Pune,18.5204,73.8567,27.9,31.8,67,1008.1,13.3,261,100,Drizzle,Light drizzle
2025-08-03T08:30:00.0000000,Pune,18.5204,73.8567,28.6,32.7,64,1007.1,13.2,273,100,Drizzle,Light drizzle
2025-08-03T09:30:00.0000000,Pune,18.5204,73.8567,28.3,31.1,64,1006.5,13.3,269,98,Drizzle,Light drizzle
2025-08-03T10:30:00.0000000,Pune,18.5204,73.8567,27.8,30,66,1006.3,14.6,267,34,Drizzle,Light drizzle
2025-08-03T11:30:00.0000000,Pune,18.5204,73.8567,26.7,29.1,72,1006.5,14.1,266,100,Drizzle,Light drizzle
2025-08-03T12:30:00.0000000,Pune,18.5204,73.8567,25.7,29,79,1007.4,10.7,265,99,Cloudy,Overcast
2025-08-03T13:30:00.0000000,Pune,18.5204,73.8567,24.5,27.8,85,1008.5,9.9,269,100,Cloudy,Overcast
2025-08-03T14:30:00.0000000,Pune,18.5204,73.8567,23.8,27.2,88,1009.4,9,257,100,Cloudy,Overcast
2025-08-03T15:30:00.0000000,Pune,18.5204,73.8567,23.4,26.7,90,1009.9,9.1,255,100,Cloudy,Overcast
2025-08-03T16:30:00.0000000,Pune,18.5204,73.8567,23.1,26.5,91,1010.4,8.3,264,100,Cloudy,Overcast
2025-08-03T17:30:00.0000000,Pune,18.5204,73.8567,22.8,26.2,92,1010.7,8.3,257,94,Cloudy,Overcast
2025-08-03T18:30:00.0000000,Pune,18.5204,73.8567,22.6,25.9,93,1010.3,8.4,259,100,Cloudy,Overcast
2025-08-03T19:30:00.0000000,Pune,18.5204,73.8567,22.3,25.7,94,1009.8,7.1,260,100,Cloudy,Overcast
2025-08-03T20:30:00.0000000,Pune,18.5204,73.8567,22.2,25.5,95,1009.3,7.9,254,100,Cloudy,Overcast
2025-08-03T21:30:00.0000000,Pune,18.5204,73.8567,22.1,25.4,95,1009,7.9,253,100,Cloudy,Overcast
2025-08-03T22:30:00.0000000,Pune,18.5204,73.8567,21.9,25.2,95,1009.3,7.8,263,100,Cloudy,Overcast
2025-08-03T23:30:00.0000000,Pune,18.5204,73.8567,21.9,25.1,95,1009.7,7.8,265,100,Cloudy,Overcast
2025-08-04T00:30:00.0000000,Pune,18.5204,73.8567,22.4,25.9,94,1009.8,7.8,265,100,Cloudy,Overcast
2025-08-04T01:30:00.0000000,Pune,18.5204,73.8567,23.2,26.7,90,1010.2,7.6,256,100,Cloudy,Overcast
2025-08-04T02:30:00.0000000,Pune,18.5204,73.8567,24.6,27.5,82,1010.7,10.7,261,100,Cloudy,Overcast
2025-08-04T03:30:00.0000000,Pune,18.5204,73.8567,25.7,28.8,77,1010.8,10.3,268,100,Drizzle,Light drizzle
2025-08-04T04:30:00.0000000,Pune,18.5204,73.8567,26.8,29.8,71,1010.7,9.9,274,100,Drizzle,Light drizzle
2025-08-04T05:30:00.0000000,Pune,18.5204,73.8567,27.7,31.1,68,1010.1,10.5,274,100,Drizzle,Light drizzle
2025-08-04T06:30:00.0000000,Pune,18.5204,73.8567,28.5,32.4,64,1009.4,11.9,269,100,Drizzle,Light drizzle
2025-08-04T07:30:00.0000000,Pune,18.5204,73.8567,28.8,32.6,63,1008.6,13,275,100,Drizzle,Light drizzle
2025-08-04T08:30:00.0000000,Pune,18.5204,73.8567,28.4,31.4,64,1008,13.8,279,100,Drizzle,Light drizzle
2025-08-04T09:30:00.0000000,Pune,18.5204,73.8567,28.1,30.6,66,1007.4,14.3,275,100,Drizzle,Light drizzle
2025-08-04T10:30:00.0000000,Pune,18.5204,73.8567,27.4,29.5,70,1007.2,16.7,282,78,Drizzle,Light drizzle
2025-08-04T11:30:00.0000000,Pune,18.5204,73.8567,26.6,29.1,75,1007.1,15.6,284,31,Drizzle,Light drizzle
2025-08-04T12:30:00.0000000,Pune,18.5204,73.8567,25.7,28.7,80,1008.4,12.6,283,84,Cloudy,Overcast
2025-08-04T13:30:00.0000000,Pune,18.5204,73.8567,24.5,27.8,85,1009,9.8,277,73,Partly cloudy,Partly cloudy sky
2025-08-04T14:30:00.0000000,Pune,18.5204,73.8567,23.8,27.2,88,1009.9,8.9,264,63,Partly cloudy,Partly cloudy sky
2025-08-04T15:30:00.0000000,Pune,18.5204,73.8567,23.4,26.9,90,1011,8,260,94,Cloudy,Overcast
2025-08-04T16:30:00.0000000,Pune,18.5204,73.8567,23,26.5,92,1011.3,8.1,269,100,Cloudy,Overcast
2025-08-04T17:30:00.0000000,Pune,18.5204,73.8567,22.5,26,94,1010.7,8.2,261,100,Cloudy,Overcast
2025-08-04T18:30:00.0000000,Pune,18.5204,73.8567,22.2,25.7,95,1010.1,7.1,254,100,Cloudy,Overcast
2025-08-04T19:30:00.0000000,Pune,18.5204,73.8567,21.9,25.4,96,1009.4,6.8,252,100,Cloudy,Overcast
2025-08-04T20:30:00.0000000,Pune,18.5204,73.8567,21.8,25.2,96,1008.9,6.6,244,100,Cloudy,Overcast
2025-08-04T21:30:00.0000000,Pune,18.5204,73.8567,21.6,25.1,96,1008.9,6.5,247,100,Cloudy,Overcast
2025-08-04T22:30:00.0000000,Pune,18.5204,73.8567,21.5,24.9,96,1009.4,5.7,246,100,Cloudy,Overcast
2025-08-04T23:30:00.0000000,Pune,18.5204,73.8567,21.5,24.8,96,1009.6,6.5,242,100,Cloudy,Overcast
2025-08-05T00:30:00.0000000,Pune,18.5204,73.8567,23.1,26.8,92,1009.3,6.9,263,100,Cloudy,Overcast
2025-08-05T01:30:00.0000000,Pune,18.5204,73.8567,23.3,27.1,90,1009.8,6.2,260,99,Cloudy,Overcast
2025-08-05T02:30:00.0000000,Pune,18.5204,73.8567,24.5,27.9,84,1010.5,8.6,272,78,Partly cloudy,Partly cloudy sky
2025-08-05T03:30:00.0000000,Pune,18.5204,73.8567,25.9,29.2,77,1010.8,9.1,287,39,Drizzle,Light drizzle
2025-08-05T04:30:00.0000000,Pune,18.5204,73.8567,27.1,30.8,70,1010.2,9.1,288,26,Drizzle,Light drizzle
2025-08-05T05:30:00.0000000,Pune,18.5204,73.8567,28.3,33.1,66,1009.8,8.2,284,32,Drizzle,Light drizzle
2025-08-05T06:30:00.0000000,Pune,18.5204,73.8567,28.9,33.6,63,1008.9,9.5,279,38,Drizzle,Light drizzle
2025-08-05T07:30:00.0000000,Pune,18.5204,73.8567,29.1,33.1,62,1008.1,10.7,278,39,Drizzle,Light drizzle
2025-08-05T08:30:00.0000000,Pune,18.5204,73.8567,29.4,33.6,60,1007.1,10.7,282,61,Drizzle,Light drizzle
2025-08-05T09:30:00.0000000,Pune,18.5204,73.8567,28,30.6,65,1006.7,13.6,276,100,Drizzle,Light drizzle
2025-08-05T10:30:00.0000000,Pune,18.5204,73.8567,26.3,29.2,77,1007.1,13.3,272,99,Rain,Moderate rain
2025-08-05T11:30:00.0000000,Pune,18.5204,73.8567,26.2,29.2,76,1007.5,11.8,286,94,Drizzle,Moderate drizzle
2025-08-05T12:30:00.0000000,Pune,18.5204,73.8567,25.6,28.6,80,1008.2,12.3,288,100,Cloudy,Overcast
2025-08-05T13:30:00.0000000,Pune,18.5204,73.8567,24.7,27.9,84,1008.9,10.4,284,100,Cloudy,Overcast
2025-08-05T14:30:00.0000000,Pune,18.5204,73.8567,23.9,27.3,88,1009,9.6,286,99,Cloudy,Overcast
2025-08-05T15:30:00.0000000,Pune,18.5204,73.8567,23.6,27.3,90,1009.7,7.9,266,100,Cloudy,Overcast
2025-08-05T16:30:00.0000000,Pune,18.5204,73.8567,23.2,27.1,92,1010,6.5,264,100,Cloudy,Overcast
2025-08-05T17:30:00.0000000,Pune,18.5204,73.8567,22.9,26.9,94,1009.8,5.8,265,99,Cloudy,Overcast
2025-08-05T18:30:00.0000000,Pune,18.5204,73.8567,22.6,26.4,95,1009.4,6.5,247,100,Cloudy,Overcast
2025-08-05T19:30:00.0000000,Pune,18.5204,73.8567,22.3,26.1,96,1009,6.5,256,100,Cloudy,Overcast
2025-08-05T20:30:00.0000000,Pune,18.5204,73.8567,22,25.9,97,1008.5,5.4,249,100,Cloudy,Overcast
2025-08-05T21:30:00.0000000,Pune,18.5204,73.8567,21.8,25.7,98,1008.6,4.5,247,85,Cloudy,Overcast
2025-08-05T22:30:00.0000000,Pune,18.5204,73.8567,21.7,25.3,98,1008.9,6,253,62,Partly cloudy,Partly cloudy sky
2025-08-05T23:30:00.0000000,Pune,18.5204,73.8567,21.7,25.5,98,1009.3,5.3,258,90,Cloudy,Overcast
2025-08-06T00:30:00.0000000,Pune,18.5204,73.8567,23,27.2,96,1009.3,6.6,249,100,Cloudy,Overcast
2025-08-06T01:30:00.0000000,Pune,18.5204,73.8567,23.6,27.7,92,1010.1,6.3,257,98,Cloudy,Overcast
2025-08-06T02:30:00.0000000,Pune,18.5204,73.8567,24.6,28.7,86,1010.4,5.4,274,100,Cloudy,Overcast
2025-08-06T03:30:00.0000000,Pune,18.5204,73.8567,25.8,29.5,79,1010.4,6.9,307,99,Cloudy,Overcast
2025-08-06T04:30:00.0000000,Pune,18.5204,73.8567,26.8,30.7,72,1010.6,4.9,303,91,Cloudy,Overcast
2025-08-06T05:30:00.0000000,Pune,18.5204,73.8567,27.8,32.4,68,1009.7,4.7,317,79,Drizzle,Light drizzle
2025-08-06T06:30:00.0000000,Pune,18.5204,73.8567,28.9,35.2,65,1008.8,4,352,100,Drizzle,Light drizzle
2025-08-06T07:30:00.0000000,Pune,18.5204,73.8567,29.5,36,65,1007.6,4.7,9,83,Cloudy,Overcast
2025-08-06T08:30:00.0000000,Pune,18.5204,73.8567,30,36,62,1006.5,3.7,349,100,Cloudy,Overcast
2025-08-06T09:30:00.0000000,Pune,18.5204,73.8567,29.2,32.9,63,1006,5.6,343,100,Cloudy,Overcast
2025-08-06T10:30:00.0000000,Pune,18.5204,73.8567,26.2,29.7,76,1006.7,8.4,281,100,Rain,Slight rain
2025-08-06T11:30:00.0000000,Pune,18.5204,73.8567,25.7,29.3,81,1006.8,10,283,85,Drizzle,Moderate drizzle
2025-08-06T12:30:00.0000000,Pune,18.5204,73.8567,26,29.6,78,1007.3,8.9,279,100,Drizzle,Light drizzle
2025-08-06T13:30:00.0000000,Pune,18.5204,73.8567,24.8,28.4,84,1008.1,9.2,276,100,Cloudy,Overcast
2025-08-06T14:30:00.0000000,Pune,18.5204,73.8567,24.2,28,87,1008.5,8,278,100,Cloudy,Overcast
2025-08-06T15:30:00.0000000,Pune,18.5204,73.8567,23.8,27.6,89,1009.4,7.4,266,100,Cloudy,Overcast
2025-08-06T16:30:00.0000000,Pune,18.5204,73.8567,23.5,27.2,91,1009.5,7.6,258,100,Cloudy,Overcast
2025-08-06T17:30:00.0000000,Pune,18.5204,73.8567,23.1,26.8,93,1009.4,7.9,257,100,Cloudy,Overcast
2025-08-06T18:30:00.0000000,Pune,18.5204,73.8567,22.7,26.3,94,1008.9,8.2,256,100,Cloudy,Overcast
2025-08-06T19:30:00.0000000,Pune,18.5204,73.8567,22.5,26.1,94,1008.4,7.3,250,100,Cloudy,Overcast
2025-08-06T20:30:00.0000000,Pune,18.5204,73.8567,22.3,25.9,94,1008.1,6.9,253,100,Cloudy,Overcast
2025-08-06T21:30:00.0000000,Pune,18.5204,73.8567,22.1,25.8,95,1008,6.1,258,100,Cloudy,Overcast
2025-08-06T22:30:00.0000000,Pune,18.5204,73.8567,22,25.5,96,1008.2,6.3,250,100,Cloudy,Overcast
2025-08-06T23:30:00.0000000,Pune,18.5204,73.8567,21.9,25.6,95,1008.7,5.5,251,100,Cloudy,Overcast
2025-08-07T00:30:00.0000000,Pune,18.5204,73.8567,22.5,26.6,97,1008.7,5.9,252,100,Cloudy,Overcast
2025-08-07T01:30:00.0000000,Pune,18.5204,73.8567,23.3,27.5,92,1009.4,4.9,260,100,Cloudy,Overcast
2025-08-07T02:30:00.0000000,Pune,18.5204,73.8567,24.5,28.6,84,1010,4.9,272,100,Cloudy,Overcast
2025-08-07T03:30:00.0000000,Pune,18.5204,73.8567,25.8,30,78,1010.1,3.6,290,100,Cloudy,Overcast
2025-08-07T04:30:00.0000000,Pune,18.5204,73.8567,27.4,32.3,69,1009.7,2.5,315,98,Cloudy,Overcast
2025-08-07T05:30:00.0000000,Pune,18.5204,73.8567,28.5,33.8,64,1009,3.2,270,100,Drizzle,Light drizzle
2025-08-07T06:30:00.0000000,Pune,18.5204,73.8567,29.3,34.7,61,1008.1,3.5,279,71,Drizzle,Light drizzle
2025-08-07T07:30:00.0000000,Pune,18.5204,73.8567,29.6,35.2,60,1007.2,3.1,273,99,Drizzle,Light drizzle
2025-08-07T08:30:00.0000000,Pune,18.5204,73.8567,28.9,33,63,1006.4,10,276,100,Drizzle,Moderate drizzle
2025-08-07T09:30:00.0000000,Pune,18.5204,73.8567,27.6,30.8,71,1006.4,13.8,288,100,Drizzle,Dense drizzle
2025-08-07T10:30:00.0000000,Pune,18.5204,73.8567,27.7,31.3,74,1006,11.2,282,100,Drizzle,Dense drizzle
2025-08-07T11:30:00.0000000,Pune,18.5204,73.8567,25.3,28.8,83,1007,9.7,289,100,Rain,Slight rain
2025-08-07T12:30:00.0000000,Pune,18.5204,73.8567,25.2,28.5,84,1007.2,12.3,284,100,Cloudy,Overcast
2025-08-07T13:30:00.0000000,Pune,18.5204,73.8567,24.5,28.2,88,1007.9,8.9,283,100,Cloudy,Overcast
2025-08-07T14:30:00.0000000,Pune,18.5204,73.8567,24.1,28.1,89,1008.7,6.9,264,100,Cloudy,Overcast
2025-08-07T15:30:00.0000000,Pune,18.5204,73.8567,23.8,27.8,90,1009.8,6.6,259,100,Cloudy,Overcast
2025-08-07T16:30:00.0000000,Pune,18.5204,73.8567,23.5,27.4,91,1010.2,7.1,277,100,Cloudy,Overcast
2025-08-07T17:30:00.0000000,Pune,18.5204,73.8567,23.2,27.1,93,1009.6,6.5,267,100,Cloudy,Overcast
2025-08-07T18:30:00.0000000,Pune,18.5204,73.8567,22.8,26.7,95,1008.8,6.4,262,100,Cloudy,Overcast
2025-08-07T19:30:00.0000000,Pune,18.5204,73.8567,22.6,26.8,96,1008.2,4.5,265,100,Cloudy,Overcast
2025-08-07T20:30:00.0000000,Pune,18.5204,73.8567,22.4,26.4,97,1008,5.2,250,100,Cloudy,Overcast
2025-08-07T21:30:00.0000000,Pune,18.5204,73.8567,22.3,26.1,97,1007.5,6.6,249,100,Cloudy,Overcast
2025-08-07T22:30:00.0000000,Pune,18.5204,73.8567,22.2,25.9,97,1007.6,6.4,252,92,Cloudy,Overcast
2025-08-07T23:30:00.0000000,Pune,18.5204,73.8567,21.8,25.5,98,1007.9,6.5,251,85,Cloudy,Overcast
2025-08-08T00:30:00.0000000,Pune,18.5204,73.8567,23,27,93,1008.4,6,263,100,Cloudy,Overcast
2025-08-08T01:30:00.0000000,Pune,18.5204,73.8567,23.5,27.3,90,1009,6.3,270,100,Cloudy,Overcast
2025-08-08T02:30:00.0000000,Pune,18.5204,73.8567,24.4,27.9,85,1009.5,8.2,279,100,Cloudy,Overcast
2025-08-08T03:30:00.0000000,Pune,18.5204,73.8567,25.2,28.6,80,1010.3,8.7,291,100,Drizzle,Light drizzle
2025-08-08T04:30:00.0000000,Pune,18.5204,73.8567,26.4,29.8,75,1010.5,8.3,294,100,Drizzle,Light drizzle
2025-08-08T05:30:00.0000000,Pune,18.5204,73.8567,26,29.5,76,1010.4,7.1,291,100,Drizzle,Light drizzle
2025-08-08T06:30:00.0000000,Pune,18.5204,73.8567,26.5,30.3,75,1010.1,7.3,279,100,Cloudy,Overcast
2025-08-08T07:30:00.0000000,Pune,18.5204,73.8567,27.5,32.3,73,1008.9,7.4,284,100,Cloudy,Overcast
2025-08-08T08:30:00.0000000,Pune,18.5204,73.8567,28.3,32.6,70,1008.2,11.1,279,100,Cloudy,Overcast
2025-08-08T09:30:00.0000000,Pune,18.5204,73.8567,25,28.1,81,1008.4,10.3,285,100,Rain,Moderate rain
2025-08-08T10:30:00.0000000,Pune,18.5204,73.8567,23.9,28,93,1008.6,8.3,274,100,Rain,Slight rain
2025-08-08T11:30:00.0000000,Pune,18.5204,73.8567,24.1,27.6,91,1008.8,11.6,258,100,Drizzle,Moderate drizzle
2025-08-08T12:30:00.0000000,Pune,18.5204,73.8567,23.9,27.5,90,1009.3,10,257,100,Drizzle,Light drizzle
2025-08-08T13:30:00.0000000,Pune,18.5204,73.8567,23.5,27.3,92,1010.1,8.4,255,100,Cloudy,Overcast
2025-08-08T14:30:00.0000000,Pune,18.5204,73.8567,23.3,26.9,92,1010.7,8.5,258,100,Cloudy,Overcast
2025-08-08T15:30:00.0000000,Pune,18.5204,73.8567,23.1,27,92,1011.9,6,260,100,Cloudy,Overcast
2025-08-08T16:30:00.0000000,Pune,18.5204,73.8567,22.9,26.7,92,1012.2,6.7,256,100,Cloudy,Overcast
2025-08-08T17:30:00.0000000,Pune,18.5204,73.8567,22.7,26.3,93,1012.1,6.7,256,100,Cloudy,Overcast
2025-08-08T18:30:00.0000000,Pune,18.5204,73.8567,22.5,26.1,94,1011.8,6.5,251,100,Cloudy,Overcast
2025-08-08T19:30:00.0000000,Pune,18.5204,73.8567,22.3,25.9,94,1011.2,6.7,232,100,Cloudy,Overcast
2025-08-08T20:30:00.0000000,Pune,18.5204,73.8567,22.3,25.7,94,1010.4,7.6,243,100,Cloudy,Overcast
2025-08-08T21:30:00.0000000,Pune,18.5204,73.8567,22.2,25.7,94,1010.1,7,260,100,Cloudy,Overcast
2025-08-08T22:30:00.0000000,Pune,18.5204,73.8567,22,25.6,95,1010.3,6.1,268,86,Cloudy,Overcast
2025-08-08T23:30:00.0000000,Pune,18.5204,73.8567,21.9,25.8,96,1011,3.7,223,100,Cloudy,Overcast
2025-08-09T00:30:00.0000000,Pune,18.5204,73.8567,22.4,26.4,96,1011,5.6,263,100,Cloudy,Overcast
2025-08-09T01:30:00.0000000,Pune,18.5204,73.8567,23,26.8,93,1011.5,6.8,268,100,Cloudy,Overcast
2025-08-09T02:30:00.0000000,Pune,18.5204,73.8567,23.7,27.4,89,1011.9,7.6,270,100,Cloudy,Overcast
2025-08-09T03:30:00.0000000,Pune,18.5204,73.8567,25.1,28.5,81,1012.1,8.7,277,100,Cloudy,Overcast
2025-08-09T04:30:00.0000000,Pune,18.5204,73.8567,26,29.8,78,1012.3,6.8,282,100,Cloudy,Overcast
2025-08-09T05:30:00.0000000,Pune,18.5204,73.8567,26.6,30.5,76,1012,6.5,276,100,Cloudy,Overcast
2025-08-09T06:30:00.0000000,Pune,18.5204,73.8567,27.3,31.2,72,1011.4,8.3,292,100,Cloudy,Overcast
2025-08-09T07:30:00.0000000,Pune,18.5204,73.8567,27.5,30.7,69,1010.1,9.5,284,100,Cloudy,Overcast
2025-08-09T08:30:00.0000000,Pune,18.5204,73.8567,26.7,29.6,71,1009.4,10.2,278,84,Cloudy,Overcast
2025-08-09T09:30:00.0000000,Pune,18.5204,73.8567,26,29.4,76,1008.9,8.9,256,100,Drizzle,Light drizzle
2025-08-09T10:30:00.0000000,Pune,18.5204,73.8567,25.6,28.5,75,1008.6,9.6,284,100,Cloudy,Overcast
2025-08-09T11:30:00.0000000,Pune,18.5204,73.8567,24.8,27.7,79,1008.7,9.6,265,100,Drizzle,Light drizzle
2025-08-09T12:30:00.0000000,Pune,18.5204,73.8567,24.1,27.7,88,1009.3,8.3,270,100,Drizzle,Light drizzle
2025-08-09T13:30:00.0000000,Pune,18.5204,73.8567,23.7,27.2,89,1010.1,8.6,260,100,Cloudy,Overcast
2025-08-09T14:30:00.0000000,Pune,18.5204,73.8567,23.4,27,90,1010.9,8.2,255,100,Cloudy,Overcast
2025-08-09T15:30:00.0000000,Pune,18.5204,73.8567,23.2,26.8,91,1011.6,7.7,254,100,Drizzle,Light drizzle
2025-08-09T16:30:00.0000000,Pune,18.5204,73.8567,23,26.8,92,1012.2,5.6,239,100,Drizzle,Light drizzle
2025-08-09T17:30:00.0000000,Pune,18.5204,73.8567,22.8,26.5,93,1012.1,6.6,244,100,Drizzle,Light drizzle
2025-08-09T18:30:00.0000000,Pune,18.5204,73.8567,22.5,26,93,1011.4,7,244,99,Drizzle,Light drizzle
2025-08-09T19:30:00.0000000,Pune,18.5204,73.8567,22.2,25.4,94,1010.7,8,239,100,Cloudy,Overcast
2025-08-09T20:30:00.0000000,Pune,18.5204,73.8567,22.1,25.3,94,1010,8.1,233,100,Cloudy,Overcast
2025-08-09T21:30:00.0000000,Pune,18.5204,73.8567,22.1,25.4,94,1009.8,8,243,100,Drizzle,Light drizzle
2025-08-09T22:30:00.0000000,Pune,18.5204,73.8567,22.1,25.6,94,1010,6.9,265,99,Drizzle,Light drizzle
2025-08-09T23:30:00.0000000,Pune,18.5204,73.8567,22,25.5,95,1010.2,6.6,257,100,Drizzle,Light drizzle
2025-08-10T00:30:00.0000000,Pune,18.5204,73.8567,22.4,26.1,95,1010.3,6.6,248,78,Partly cloudy,Partly cloudy sky
2025-08-10T01:30:00.0000000,Pune,18.5204,73.8567,23,26.7,92,1010.5,6.5,262,72,Partly cloudy,Partly cloudy sky
2025-08-10T02:30:00.0000000,Pune,18.5204,73.8567,24.4,27.5,83,1011.1,9.5,261,100,Cloudy,Overcast
2025-08-10T03:30:00.0000000,Pune,18.5204,73.8567,25.6,28.7,76,1011.1,9.4,263,100,Cloudy,Overcast
2025-08-10T04:30:00.0000000,Pune,18.5204,73.8567,26.6,29.7,71,1011,9.9,265,99,Drizzle,Light drizzle
2025-08-10T05:30:00.0000000,Pune,18.5204,73.8567,26.6,29.5,70,1010.7,11.9,260,100,Drizzle,Light drizzle
2025-08-10T06:30:00.0000000,Pune,18.5204,73.8567,27.3,31.1,69,1010,12.5,252,74,Partly cloudy,Partly cloudy sky
2025-08-10T07:30:00.0000000,Pune,18.5204,73.8567,26.5,29.6,72,1009.6,12.1,264,89,Drizzle,Moderate drizzle
2025-08-10T08:30:00.0000000,Pune,18.5204,73.8567,27.5,31.5,72,1008.4,10.8,265,100,Drizzle,Moderate drizzle
2025-08-10T09:30:00.0000000,Pune,18.5204,73.8567,26.6,28.7,70,1007.5,14.8,264,100,Drizzle,Light drizzle
2025-08-10T10:30:00.0000000,Pune,18.5204,73.8567,25,27.2,78,1007.6,14.5,262,100,Drizzle,Light drizzle
2025-08-10T11:30:00.0000000,Pune,18.5204,73.8567,24.5,27,81,1007.7,12.7,259,100,Drizzle,Light drizzle
2025-08-10T12:30:00.0000000,Pune,18.5204,73.8567,24.1,27.2,86,1008.7,10.4,259,100,Drizzle,Light drizzle
2025-08-10T13:30:00.0000000,Pune,18.5204,73.8567,23.5,26.5,88,1009.2,10.4,260,100,Cloudy,Overcast
2025-08-10T14:30:00.0000000,Pune,18.5204,73.8567,23,26,90,1010,9.7,258,100,Cloudy,Overcast
2025-08-10T15:30:00.0000000,Pune,18.5204,73.8567,22.8,25.9,91,1010.9,9.2,258,100,Cloudy,Overcast
2025-08-10T16:30:00.0000000,Pune,18.5204,73.8567,22.7,25.9,91,1011.4,8.3,252,100,Cloudy,Overcast
2025-08-10T17:30:00.0000000,Pune,18.5204,73.8567,22.5,25.8,92,1011.4,7.7,267,100,Cloudy,Overcast
2025-08-10T18:30:00.0000000,Pune,18.5204,73.8567,22.5,25.7,92,1010.9,8.2,260,100,Cloudy,Overcast
2025-08-10T19:30:00.0000000,Pune,18.5204,73.8567,22.3,25.4,93,1010.3,8.9,264,100,Cloudy,Overcast
2025-08-10T20:30:00.0000000,Pune,18.5204,73.8567,22.2,25.3,93,1009.5,8.6,262,92,Cloudy,Overcast
2025-08-10T21:30:00.0000000,Pune,18.5204,73.8567,22,25.1,92,1009.4,7.6,266,96,Cloudy,Overcast
2025-08-10T22:30:00.0000000,Pune,18.5204,73.8567,21.7,24.8,93,1009.5,7.2,257,100,Cloudy,Overcast
2025-08-10T23:30:00.0000000,Pune,18.5204,73.8567,21.6,24.6,93,1009.6,7.9,257,97,Cloudy,Overcast
2025-08-11T00:30:00.0000000,Pune,18.5204,73.8567,22.6,25.4,90,1009.8,10.2,247,90,Cloudy,Overcast
2025-08-11T01:30:00.0000000,Pune,18.5204,73.8567,23.1,26.1,89,1010.1,10.2,260,98,Cloudy,Overcast
2025-08-11T02:30:00.0000000,Pune,18.5204,73.8567,24.4,26.9,82,1010.9,13,266,89,Cloudy,Overcast
2025-08-11T03:30:00.0000000,Pune,18.5204,73.8567,25.6,27.9,75,1010.8,13.5,268,96,Drizzle,Light drizzle
2025-08-11T04:30:00.0000000,Pune,18.5204,73.8567,26.6,29.2,71,1010.9,12.9,263,67,Drizzle,Light drizzle
2025-08-11T05:30:00.0000000,Pune,18.5204,73.8567,27.2,30.6,68,1010.5,14.8,266,86,Drizzle,Light drizzle
2025-08-11T06:30:00.0000000,Pune,18.5204,73.8567,27.7,31.6,66,1009.9,14.5,265,100,Cloudy,Overcast
2025-08-11T07:30:00.0000000,Pune,18.5204,73.8567,28.1,31.7,64,1008.7,15.1,261,80,Drizzle,Light drizzle
2025-08-11T08:30:00.0000000,Pune,18.5204,73.8567,27.5,30.9,68,1007.9,17.3,259,90,Drizzle,Light drizzle
2025-08-11T09:30:00.0000000,Pune,18.5204,73.8567,26.4,28.2,71,1007,19.7,264,99,Drizzle,Light drizzle
2025-08-11T10:30:00.0000000,Pune,18.5204,73.8567,25.8,27.5,75,1007.1,18.8,266,99,Drizzle,Light drizzle
2025-08-11T11:30:00.0000000,Pune,18.5204,73.8567,25.4,27.3,76,1007.5,16.5,262,99,Cloudy,Overcast
2025-08-11T12:30:00.0000000,Pune,18.5204,73.8567,24.1,26.9,86,1008.8,13.1,268,69,Drizzle,Light drizzle
2025-08-11T13:30:00.0000000,Pune,18.5204,73.8567,23.5,26.3,88,1009.6,12.3,265,90,Cloudy,Overcast
2025-08-11T14:30:00.0000000,Pune,18.5204,73.8567,23.1,25.9,89,1010.1,11.9,267,95,Cloudy,Overcast
2025-08-11T15:30:00.0000000,Pune,18.5204,73.8567,22.7,25.5,91,1010.5,11.3,260,100,Cloudy,Overcast
2025-08-11T16:30:00.0000000,Pune,18.5204,73.8567,22.5,25.5,92,1011.1,9.7,259,100,Cloudy,Overcast
2025-08-11T17:30:00.0000000,Pune,18.5204,73.8567,22.5,25.5,92,1010.7,9.6,254,100,Cloudy,Overcast
2025-08-11T18:30:00.0000000,Pune,18.5204,73.8567,22.2,25.3,92,1010.3,8.6,262,100,Cloudy,Overcast
2025-08-11T19:30:00.0000000,Pune,18.5204,73.8567,22.1,25.1,92,1009.7,8.5,263,100,Cloudy,Overcast
2025-08-11T20:30:00.0000000,Pune,18.5204,73.8567,21.9,24.8,92,1009,8.6,260,100,Cloudy,Overcast
2025-08-11T21:30:00.0000000,Pune,18.5204,73.8567,21.8,24.6,92,1008.6,9.1,256,100,Cloudy,Overcast
2025-08-11T22:30:00.0000000,Pune,18.5204,73.8567,21.8,24.6,93,1008.6,9.2,258,100,Cloudy,Overcast
2025-08-11T23:30:00.0000000,Pune,18.5204,73.8567,22,24.7,92,1008.6,10.1,258,100,Cloudy,Overcast
2025-08-12T00:30:00.0000000,Pune,18.5204,73.8567,22.5,25.2,90,1008.7,10.4,256,100,Cloudy,Overcast
2025-08-12T01:30:00.0000000,Pune,18.5204,73.8567,23.1,25.3,88,1009.1,14.5,263,100,Cloudy,Overcast
2025-08-12T02:30:00.0000000,Pune,18.5204,73.8567,24.2,26.4,83,1009.3,15.1,267,100,Cloudy,Overcast
2025-08-12T03:30:00.0000000,Pune,18.5204,73.8567,25.3,27.5,77,1009.5,15.1,268,100,Cloudy,Overcast
2025-08-12T04:30:00.0000000,Pune,18.5204,73.8567,26,28.2,74,1009.3,14.8,271,100,Drizzle,Light drizzle
2025-08-12T05:30:00.0000000,Pune,18.5204,73.8567,26.7,29.1,71,1009.1,15.9,273,100,Drizzle,Light drizzle
2025-08-12T06:30:00.0000000,Pune,18.5204,73.8567,27.2,30.3,71,1008.5,13.9,269,99,Drizzle,Light drizzle
2025-08-12T07:30:00.0000000,Pune,18.5204,73.8567,27.6,31.4,69,1007.6,15.9,274,91,Cloudy,Overcast
2025-08-12T08:30:00.0000000,Pune,18.5204,73.8567,26.3,28.4,72,1006.9,18.5,281,84,Rain,Slight rain
2025-08-12T09:30:00.0000000,Pune,18.5204,73.8567,26,27.8,73,1005.9,17,266,76,Drizzle,Moderate drizzle
2025-08-12T10:30:00.0000000,Pune,18.5204,73.8567,26,27.3,71,1005.8,18.1,277,90,Drizzle,Light drizzle
2025-08-12T11:30:00.0000000,Pune,18.5204,73.8567,24.6,26.8,80,1006.1,15.4,263,100,Cloudy,Overcast
2025-08-12T12:30:00.0000000,Pune,18.5204,73.8567,24.6,27,80,1006.8,12.8,272,99,Cloudy,Overcast
2025-08-12T13:30:00.0000000,Pune,18.5204,73.8567,23.7,26.3,84,1007.5,11.5,271,100,Cloudy,Overcast
2025-08-12T14:30:00.0000000,Pune,18.5204,73.8567,23.1,25.8,87,1008.2,11.1,262,100,Cloudy,Overcast
2025-08-12T15:30:00.0000000,Pune,18.5204,73.8567,22.8,25.7,89,1008.7,10.2,260,100,Cloudy,Overcast
2025-08-12T16:30:00.0000000,Pune,18.5204,73.8567,22.7,25.6,90,1009.1,9.7,260,100,Cloudy,Overcast
2025-08-12T17:30:00.0000000,Pune,18.5204,73.8567,22.6,25.5,90,1008.8,9.6,258,100,Cloudy,Overcast
2025-08-12T18:30:00.0000000,Pune,18.5204,73.8567,22.4,25.3,91,1008.4,9.6,256,100,Cloudy,Overcast
2025-08-12T19:30:00.0000000,Pune,18.5204,73.8567,22.3,25.1,92,1007.6,9.9,258,97,Cloudy,Overcast
2025-08-12T20:30:00.0000000,Pune,18.5204,73.8567,22,24.9,93,1006.8,10,262,100,Cloudy,Overcast
2025-08-12T21:30:00.0000000,Pune,18.5204,73.8567,22.1,24.9,93,1006.5,9.8,265,100,Cloudy,Overcast
2025-08-12T22:30:00.0000000,Pune,18.5204,73.8567,22,24.9,93,1006.6,9.2,271,100,Cloudy,Overcast
2025-08-12T23:30:00.0000000,Pune,18.5204,73.8567,22.2,25.1,93,1006.6,9.9,268,100,Cloudy,Overcast
2025-08-13T00:30:00.0000000,Pune,18.5204,73.8567,23,26.2,91,1006.5,9.6,258,100,Cloudy,Overcast
2025-08-13T01:30:00.0000000,Pune,18.5204,73.8567,23.3,26.5,89,1006.9,10.1,260,100,Cloudy,Overcast
2025-08-13T02:30:00.0000000,Pune,18.5204,73.8567,24.1,26.6,85,1007.2,14.1,264,100,Cloudy,Overcast
2025-08-13T03:30:00.0000000,Pune,18.5204,73.8567,25.2,27.6,79,1007.3,14.6,268,100,Drizzle,Light drizzle
2025-08-13T04:30:00.0000000,Pune,18.5204,73.8567,26.4,29.5,77,1007.4,12.4,271,100,Cloudy,Overcast
2025-08-13T05:30:00.0000000,Pune,18.5204,73.8567,26.5,29.4,74,1007.1,12.6,274,100,Cloudy,Overcast
2025-08-13T06:30:00.0000000,Pune,18.5204,73.8567,26.8,29.8,73,1006.4,11.4,275,100,Cloudy,Overcast
2025-08-13T07:30:00.0000000,Pune,18.5204,73.8567,27.4,30.2,72,1005,13.1,268,100,Cloudy,Overcast
2025-08-13T08:30:00.0000000,Pune,18.5204,73.8567,26.7,29.6,70,1004.3,15.9,265,100,Drizzle,Light drizzle
2025-08-13T09:30:00.0000000,Pune,18.5204,73.8567,25.9,28.5,77,1003.9,14.1,260,100,Drizzle,Dense drizzle
2025-08-13T10:30:00.0000000,Pune,18.5204,73.8567,25.7,28.1,77,1003.7,15,273,100,Drizzle,Light drizzle
2025-08-13T11:30:00.0000000,Pune,18.5204,73.8567,24.4,27,83,1004.2,12.9,264,100,Drizzle,Light drizzle
2025-08-13T12:30:00.0000000,Pune,18.5204,73.8567,24.1,27.3,87,1005.1,10.8,269,100,Drizzle,Light drizzle
2025-08-13T13:30:00.0000000,Pune,18.5204,73.8567,23.5,26.6,89,1005.6,10.6,268,100,Cloudy,Overcast
2025-08-13T14:30:00.0000000,Pune,18.5204,73.8567,23,26.1,91,1006.4,10.3,248,100,Cloudy,Overcast
2025-08-13T15:30:00.0000000,Pune,18.5204,73.8567,22.9,26,91,1007,10.2,256,100,Cloudy,Overcast
2025-08-13T16:30:00.0000000,Pune,18.5204,73.8567,22.9,26.1,91,1007.4,9.3,255,100,Cloudy,Overcast
2025-08-13T17:30:00.0000000,Pune,18.5204,73.8567,22.6,25.8,93,1007.2,8.9,261,100,Drizzle,Light drizzle
2025-08-13T18:30:00.0000000,Pune,18.5204,73.8567,22.4,25.7,94,1006.7,8.5,263,100,Cloudy,Overcast
2025-08-13T19:30:00.0000000,Pune,18.5204,73.8567,22.5,26.2,94,1006.4,6.1,270,100,Cloudy,Overcast
2025-08-13T20:30:00.0000000,Pune,18.5204,73.8567,22.4,26.1,94,1005.9,5.8,261,100,Drizzle,Light drizzle
2025-08-13T21:30:00.0000000,Pune,18.5204,73.8567,22.4,26,94,1005.7,6.4,260,100,Drizzle,Light drizzle
2025-08-13T22:30:00.0000000,Pune,18.5204,73.8567,22.2,25.6,94,1005.8,7.6,245,100,Drizzle,Light drizzle
2025-08-13T23:30:00.0000000,Pune,18.5204,73.8567,22.2,25.3,94,1006.3,9.2,242,100,Drizzle,Light drizzle
2025-08-14T00:30:00.0000000,Pune,18.5204,73.8567,22.5,26.1,93,1006.2,6.9,240,100,Drizzle,Light drizzle
2025-08-14T01:30:00.0000000,Pune,18.5204,73.8567,23.1,26.7,92,1006.6,7.9,246,100,Drizzle,Light drizzle
2025-08-14T02:30:00.0000000,Pune,18.5204,73.8567,23.8,27.2,88,1007.3,9.4,240,100,Drizzle,Moderate drizzle
2025-08-14T03:30:00.0000000,Pune,18.5204,73.8567,24.3,27.7,86,1007.3,9.5,237,100,Drizzle,Light drizzle
2025-08-14T04:30:00.0000000,Pune,18.5204,73.8567,24.4,27.9,86,1007.5,9.3,241,100,Drizzle,Light drizzle
2025-08-14T05:30:00.0000000,Pune,18.5204,73.8567,25.1,28.7,84,1007.2,8.9,245,100,Drizzle,Light drizzle
2025-08-14T06:30:00.0000000,Pune,18.5204,73.8567,26.3,30.5,80,1006.4,9.3,251,100,Drizzle,Light drizzle
2025-08-14T07:30:00.0000000,Pune,18.5204,73.8567,27,30.7,75,1005.1,10.1,248,100,Cloudy,Overcast
2025-08-14T08:30:00.0000000,Pune,18.5204,73.8567,27,29.9,72,1004.1,12.6,245,100,Cloudy,Overcast
2025-08-14T09:30:00.0000000,Pune,18.5204,73.8567,25.9,28.2,77,1003.8,15.7,242,100,Drizzle,Moderate drizzle
2025-08-14T10:30:00.0000000,Pune,18.5204,73.8567,25.9,28.2,77,1003.1,15.9,247,100,Drizzle,Light drizzle
2025-08-14T11:30:00.0000000,Pune,18.5204,73.8567,25,27.4,82,1003.5,15.6,244,100,Drizzle,Light drizzle
2025-08-14T12:30:00.0000000,Pune,18.5204,73.8567,24,27.3,89,1004.7,11.2,242,100,Drizzle,Moderate drizzle
2025-08-14T13:30:00.0000000,Pune,18.5204,73.8567,23.7,26.8,90,1005.4,11.8,242,100,Cloudy,Overcast
2025-08-14T14:30:00.0000000,Pune,18.5204,73.8567,23.4,26.6,90,1005.7,10.4,252,100,Cloudy,Overcast
2025-08-14T15:30:00.0000000,Pune,18.5204,73.8567,23.2,26.5,91,1006.7,9.9,258,100,Cloudy,Overcast
2025-08-14T16:30:00.0000000,Pune,18.5204,73.8567,23.2,26.5,92,1006.9,9.6,258,100,Drizzle,Light drizzle
2025-08-14T17:30:00.0000000,Pune,18.5204,73.8567,23,26.6,93,1006.6,7.6,251,100,Drizzle,Light drizzle
2025-08-14T18:30:00.0000000,Pune,18.5204,73.8567,23,26.2,92,1006.6,10.4,244,100,Drizzle,Light drizzle
2025-08-14T19:30:00.0000000,Pune,18.5204,73.8567,22.9,26.1,92,1005.7,10.6,255,100,Drizzle,Light drizzle
2025-08-14T20:30:00.0000000,Pune,18.5204,73.8567,22.7,25.9,93,1005.2,10.2,257,100,Cloudy,Overcast
2025-08-14T21:30:00.0000000,Pune,18.5204,73.8567,22.8,25.9,93,1004.8,10.7,253,100,Cloudy,Overcast
2025-08-14T22:30:00.0000000,Pune,18.5204,73.8567,22.8,25.7,92,1004.8,12,262,100,Cloudy,Overcast
2025-08-14T23:30:00.0000000,Pune,18.5204,73.8567,22.8,25.5,92,1005,12.6,260,100,Cloudy,Overcast
2025-08-15T00:30:00.0000000,Pune,18.5204,73.8567,22.5,25.8,95,1005.3,9.5,261,100,Drizzle,Light drizzle
2025-08-15T01:30:00.0000000,Pune,18.5204,73.8567,22.9,26.1,93,1005.8,10.5,264,100,Drizzle,Light drizzle
2025-08-15T02:30:00.0000000,Pune,18.5204,73.8567,23.5,26.6,89,1006.4,10.8,271,100,Drizzle,Light drizzle
2025-08-15T03:30:00.0000000,Pune,18.5204,73.8567,24.1,27.2,86,1006.6,11,274,100,Drizzle,Light drizzle
2025-08-15T04:30:00.0000000,Pune,18.5204,73.8567,25.2,28.1,80,1006.8,11.9,273,100,Drizzle,Light drizzle
2025-08-15T05:30:00.0000000,Pune,18.5204,73.8567,26.5,29.2,74,1006.1,13.2,272,100,Drizzle,Light drizzle
2025-08-15T06:30:00.0000000,Pune,18.5204,73.8567,27.1,30.5,72,1005.5,13.3,272,100,Drizzle,Light drizzle
2025-08-15T07:30:00.0000000,Pune,18.5204,73.8567,26,28.2,74,1004.5,14.7,264,100,Drizzle,Moderate drizzle
2025-08-15T08:30:00.0000000,Pune,18.5204,73.8567,25.7,29.5,83,1003.6,9.4,263,100,Rain,Slight rain
2025-08-15T09:30:00.0000000,Pune,18.5204,73.8567,25.1,27.8,82,1002.8,14.9,262,100,Drizzle,Moderate drizzle
2025-08-15T10:30:00.0000000,Pune,18.5204,73.8567,24.6,27.3,86,1002.6,15.2,266,100,Drizzle,Moderate drizzle
2025-08-15T11:30:00.0000000,Pune,18.5204,73.8567,24.3,26.8,86,1002.9,15.4,256,100,Drizzle,Light drizzle
2025-08-15T12:30:00.0000000,Pune,18.5204,73.8567,23.2,26.1,93,1004,13.9,268,100,Drizzle,Moderate drizzle
2025-08-15T13:30:00.0000000,Pune,18.5204,73.8567,23,26.1,94,1005,12.1,260,100,Drizzle,Light drizzle
2025-08-15T14:30:00.0000000,Pune,18.5204,73.8567,23,25.9,93,1005.5,13.5,272,100,Drizzle,Light drizzle
2025-08-15T15:30:00.0000000,Pune,18.5204,73.8567,22.9,25.6,93,1005.9,13.7,260,100,Cloudy,Overcast
2025-08-15T16:30:00.0000000,Pune,18.5204,73.8567,22.6,25.5,94,1006.6,11.6,257,100,Cloudy,Overcast
2025-08-15T17:30:00.0000000,Pune,18.5204,73.8567,22.4,25.3,95,1006.2,12.1,263,100,Cloudy,Overcast
2025-08-15T18:30:00.0000000,Pune,18.5204,73.8567,22.3,25.2,95,1005.5,11.7,256,100,Cloudy,Overcast
2025-08-15T19:30:00.0000000,Pune,18.5204,73.8567,22.3,25.3,95,1005.1,10.6,261,100,Cloudy,Overcast
2025-08-15T20:30:00.0000000,Pune,18.5204,73.8567,22.2,25.1,95,1004.5,10.6,259,100,Cloudy,Overcast
2025-08-15T21:30:00.0000000,Pune,18.5204,73.8567,22.2,24.9,94,1004,12,254,100,Cloudy,Overcast